PlayerID,PanelID,DisplayUnitID,Latitude,Longitude,City,NameStreet,Address,Country
447246098,1071,447243188,51.04939,16.96117,Bielany Wrocławskie,Czekoladowa 5-22,Aleja Bielany,Poland
447246098,1072,447243188,51.04939,16.96117,Bielany Wrocławskie,Czekoladowa 5-22,Aleja Bielany,Poland
447246487,1073,447243290,51.04939,16.96117,Bielany Wrocławskie,Czekoladowa 5-22,Aleja Bielany,Poland
447246487,1074,447243290,51.04939,16.96117,Bielany Wrocławskie,Czekoladowa 5-22,Aleja Bielany,Poland
447246639,1075,447243299,51.04939,16.96117,Bielany Wrocławskie,Czekoladowa 5-22,Aleja Bielany,Poland
447246639,1076,447243299,51.04939,16.96117,Bielany Wrocławskie,Czekoladowa 5-22,Aleja Bielany,Poland
447246890,1077,447243308,51.04939,16.96117,Bielany Wrocławskie,Czekoladowa 5-22,Aleja Bielany,Poland
447246890,1078,447243308,51.04939,16.96117,Bielany Wrocławskie,Czekoladowa 5-22,Aleja Bielany,Poland
447247568,1079,447243320,51.04939,16.96117,Bielany Wrocławskie,Czekoladowa 5-22,Aleja Bielany,Poland
447247568,1080,447243320,51.04939,16.96117,Bielany Wrocławskie,Czekoladowa 5-22,Aleja Bielany,Poland
447247805,1081,447243336,51.04939,16.96117,Bielany Wrocławskie,Czekoladowa 5-22,Aleja Bielany,Poland
447247805,1082,447243336,51.04939,16.96117,Bielany Wrocławskie,Czekoladowa 5-22,Aleja Bielany,Poland
447248021,1083,447243370,51.04939,16.96117,Bielany Wrocławskie,Czekoladowa 5-22,Aleja Bielany,Poland
447248021,1084,447243370,51.04939,16.96117,Bielany Wrocławskie,Czekoladowa 5-22,Aleja Bielany,Poland
596575667,7543,595524287,51.23182768,22.61446595,Lublin,Al. Wincentego Witosa 32,Felicity Lublin,Poland
596575667,7544,595524287,51.23182768,22.61446595,Lublin,Al. Wincentego Witosa 32,Felicity Lublin,Poland
742224664,7545,595524657,51.23179409,22.61455178,Lublin,Al. Wincentego Witosa 32,Felicity Lublin,Poland
742224664,7546,595524657,51.23179409,22.61455178,Lublin,Al. Wincentego Witosa 32,Felicity Lublin,Poland
595525591,7547,595524654,51.23182768,22.61457324,Lublin,Al. Wincentego Witosa 32,Felicity Lublin,Poland
595525591,7548,595524654,51.23182768,22.61457324,Lublin,Al. Wincentego Witosa 32,Felicity Lublin,Poland
598142511,7549,598139246,54.17679754,16.20177627,Koszalin,Paderewskiego 1,Forum Koszalin,Poland
598142511,7550,598139246,54.17679754,16.20177627,Koszalin,Paderewskiego 1,Forum Koszalin,Poland
598142548,7551,598142185,54.17689487,16.20238245,Koszalin,Paderewskiego 1,Forum Koszalin,Poland
598142548,7552,598142185,54.17689487,16.20238245,Koszalin,Paderewskiego 1,Forum Koszalin,Poland
599062109,7553,599045417,54.3825778,18.6006644,Gdańsk,Al. Grunwaldzka 141,Bałtycka,Poland
599062109,7554,599045417,54.382536,18.6006483,Gdańsk,Al. Grunwaldzka 141,Bałtycka,Poland
599061536,7555,599045454,54.3827462,18.5994934,Gdańsk,Al. Grunwaldzka 141,Bałtycka,Poland
599061536,7556,599045454,54.3827623,18.5995021,Gdańsk,Al. Grunwaldzka 141,Bałtycka,Poland
599061626,7557,599045461,54.3823651,18.6004745,Gdańsk,Al. Grunwaldzka 141,Bałtycka,Poland
599061626,7558,599045461,54.3823764,18.6004997,Gdańsk,Al. Grunwaldzka 141,Bałtycka,Poland
599061820,7559,599045470,54.3822209,18.6013615,Gdańsk,Al. Grunwaldzka 141,Bałtycka,Poland
599061820,7560,599045470,54.3824751,18.6018557,Gdańsk,Al. Grunwaldzka 141,Bałtycka,Poland
599061985,7561,599045448,54.3826307,18.6005907,Gdańsk,Al. Grunwaldzka 141,Bałtycka,Poland
599061985,7562,599045448,54.3826311,18.6011457,Gdańsk,Al. Grunwaldzka 141,Bałtycka,Poland
594597282,7566,594577875,50.06804839,19.94610786,Kraków,Pawia 5,Krakowska,Poland
594597282,7567,594577875,50.06804839,19.94610786,Kraków,Pawia 5,Krakowska,Poland
594596393,7568,648100132,50.06719444,19.94585037,Kraków,Pawia 5,Krakowska,Poland
594596393,7569,648100132,50.06719444,19.94585037,Kraków,Pawia 5,Krakowska,Poland
594596471,7570,594577811,50.06807593,19.94602203,Kraków,Pawia 5,Krakowska,Poland
594596471,7571,594577811,50.06807593,19.94602203,Kraków,Pawia 5,Krakowska,Poland
594596942,7572,594577857,50.06694652,19.94602203,Kraków,Pawia 5,Krakowska,Poland
594596942,7573,594577857,50.06694652,19.94602203,Kraków,Pawia 5,Krakowska,Poland
594597143,7574,594577872,50.06713935,19.9459362,Kraków,Pawia 5,Krakowska,Poland
594597143,7575,594577872,50.06713935,19.9459362,Kraków,Pawia 5,Krakowska,Poland
598142591,7576,598137799,53.42851546,14.55158472,Szczecin,Al. Niepodległości 36,Kaskada,Poland
598142591,7577,598137799,53.42851546,14.55158472,Szczecin,Al. Niepodległości 36,Kaskada,Poland
598142660,7578,598137813,53.4283045,14.55164909,Szczecin,Al. Niepodległości 36,Kaskada,Poland
598142660,7579,598137813,53.4283045,14.55164909,Szczecin,Al. Niepodległości 36,Kaskada,Poland
598142870,7580,598137816,53.42835564,14.55152035,Szczecin,Al. Niepodległości 36,Kaskada,Poland
598142870,7581,598137816,53.42835564,14.55152035,Szczecin,Al. Niepodległości 36,Kaskada,Poland
598143023,7582,598137810,53.42831729,14.55173492,Szczecin,Al. Niepodległości 36,Kaskada,Poland
598143023,7583,598137810,53.42831729,14.55173492,Szczecin,Al. Niepodległości 36,Kaskada,Poland
591278656,7584,591267865,51.7587893,19.46498394,Łódź,Al. Piłsudskiego 15/23,Łódzka,Poland
591278656,7585,591267865,51.7587893,19.46498394,Łódź,Al. Piłsudskiego 15/23,Łódzka,Poland
591277337,7586,591268698,51.75875609,19.46498394,Łódź,Al. Piłsudskiego 15/23,Łódzka,Poland
591277337,7587,591268698,51.75875609,19.46498394,Łódź,Al. Piłsudskiego 15/23,Łódzka,Poland
1383031823,7588,591268987,51.75902173,19.46554184,Łódź,Al. Piłsudskiego 15/23,Łódzka,Poland
1383031823,7589,591268987,51.75902173,19.46554184,Łódź,Al. Piłsudskiego 15/23,Łódzka,Poland
1374714758,7590,591268995,51.75880922,19.46537018,Łódź,Al. Piłsudskiego 15/23,Łódzka,Poland
1374714758,7591,591268995,51.75880922,19.46537018,Łódź,Al. Piłsudskiego 15/23,Łódzka,Poland
592610932,7592,592610067,53.11551155,18.0113554,Bydgoszcz,Wojska Polskiego 1,Zielone Arkady,Poland
592610932,7593,592610067,53.11551155,18.0113554,Bydgoszcz,Wojska Polskiego 1,Zielone Arkady,Poland
592611279,7594,592610171,53.11534412,18.01172018,Bydgoszcz,Wojska Polskiego 1,Zielone Arkady,Poland
592611279,7595,592610171,53.11534412,18.01172018,Bydgoszcz,Wojska Polskiego 1,Zielone Arkady,Poland
592611465,7596,592610175,53.11527973,18.01169872,Bydgoszcz,Wojska Polskiego 1,Zielone Arkady,Poland
592611465,7597,592610175,53.11527973,18.01169872,Bydgoszcz,Wojska Polskiego 1,Zielone Arkady,Poland
592612211,7598,592610183,53.11540852,18.01148415,Bydgoszcz,Wojska Polskiego 1,Zielone Arkady,Poland
592612211,7599,592610183,53.11540852,18.01148415,Bydgoszcz,Wojska Polskiego 1,Zielone Arkady,Poland
963988113,7600,223511548,52.2370415,20.97916603,Warszawa,Al. Solidarności,104/ Okopowa,Poland
453356645,2831,448071575,50.08841,19.98565,Kraków,Bora Komorowskiego 41,Serenada,Poland
453356645,2832,448071575,50.08841,19.98565,Kraków,Bora Komorowskiego 41,Serenada,Poland
453356812,2833,453356359,50.08841,19.98565,Kraków,Bora Komorowskiego 41,Serenada,Poland
453356812,2834,453356359,50.08841,19.98565,Kraków,Bora Komorowskiego 41,Serenada,Poland
453368070,2835,453356362,50.08841,19.98565,Kraków,Bora Komorowskiego 41,Serenada,Poland
453368070,2836,453356362,50.08841,19.98565,Kraków,Bora Komorowskiego 41,Serenada,Poland
453368239,2837,453356365,50.08841,19.98565,Kraków,Bora Komorowskiego 41,Serenada,Poland
453368239,2838,453356365,50.08841,19.98565,Kraków,Bora Komorowskiego 41,Serenada,Poland
477835199,2839,453356369,50.08841,19.98565,Kraków,Bora Komorowskiego 41,Serenada,Poland
477835199,2840,453356369,50.08841,19.98565,Kraków,Bora Komorowskiego 41,Serenada,Poland
453368502,2841,453356372,50.08841,19.98565,Kraków,Bora Komorowskiego 41,Serenada,Poland
453368502,2842,453356372,50.08841,19.98565,Kraków,Bora Komorowskiego 41,Serenada,Poland
1015953411,2843,848056479,50.08841,19.98565,Kraków,Bora Komorowskiego 41,Serenada,Poland
934479067,2848,453614091,50.06488,19.94517,Kraków,Lubicz,Pawia,Poland
630283249,7635,630282976,52.40786463,16.91259384,Poznań,Rondo Kaponiera,Roosvelta,Poland
630283498,7636,630282983,52.40775991,16.91242218,Poznań,Rondo Kaponiera,vis a vis kaponiera printe master,Poland
630283351,7637,630282986,52.40781227,16.9124651,Poznań,Rondo Kaponiera,"wejście na tramwaje 8,10,11,15,18",Poland
963987874,7311,223511538,52.24036923,20.99562407,Warszawa,Al. Jana Pawła II,36,Poland
261146965,7338,259428644,52.19767126,21.01331592,Warszawa,Al. Niepodległości 90,metro,Poland
550682305,6873,455249740,51.75871,19.45559,Łódź,Kościuszki al.,"99/ Mickiewicza al,",Poland
942945566,6872,445774325,50.26408666,19.0182424,Katowice,Sokolska,Dworzec PKS,Poland
344490213,6858,343023125,52.40169,16.91428,Poznań,Matyi 2,Avenida,Poland
344490308,6857,343023121,52.40169,16.91428,Poznań,Matyi 2,Avenida,Poland
408685650,6856,343014031,52.40169,16.91428,Poznań,Matyi 2,Avenida,Poland
666393722,6855,343023128,52.40169,16.91428,Poznań,Matyi 2,Avenida,Poland
344490147,6854,343023131,52.40169,16.91428,Poznań,Matyi 2,Avenida,Poland
254718008,6853,252843075,52.22275999,21.01460878,Warszawa,Koszykowa,"53/ Pl,Konstytucji",Poland
963987076,6852,252921042,52.2225301,21.01362762,Warszawa,Koszykowa,53/ Lwowska,Poland
453681478,6851,453618236,52.23156913,21.01582062,Warszawa,Krucza,51/ Widok,Poland
962092321,6850,321355025,52.41159929,16.90822396,Poznań,Dąbrowskiego,30/ za Kochanowskiego,Poland
254717987,6847,252920668,52.23173664,21.01186331,Warszawa,Chmielna,35/ Pasaż Wiecha,Poland
963844083,6846,223511501,52.23425368,20.99856999,Warszawa,Al. Jana Pawła II,20/ Twarda,Poland
962040079,6841,321354338,52.41327264,16.90063855,Poznań,Dąbrowskiego,70/ Wawrzyniaka,Poland
963987359,6840,252921047,52.22889,20.99412,Warszawa,Żelazna,31/ Twarda,Poland
962041183,6838,316925123,50.26116326,19.02178119,Katowice,Al. Korfantego,2/ Rynek,Poland
1079867171,6835,316886706,50.25556,19.01809,Katowice,Kościuszki,13/ Batorego,Poland
962092578,6833,316925126,50.26103064,19.01650401,Katowice,Słowackiego,10/ Chopina,Poland
962021136,6832,321355020,52.41033729,16.90249674,Poznań,Szamarzewskiego,1/ Kraszewskiego,Poland
752806320,6883,752805790,51.77211715,19.48258871,Łódź,Kopcińskiego,31c/ Narutowicza,Poland
447249431,6884,451852811,51.79751,19.39352,Łódź,Aleksandrowska,Traktorowa,Poland
333640328,6902,252920659,52.28093,20.95809,Warszawa,Marymoncka,49/Podczaszyńskiego,Poland
981154203,6915,252920656,52.202191,21.039267,Warszawa,Chełmska,42/44 - Sielecka,Poland
963845440,6916,252916791,52.235013,20.998301,Warszawa,Al. Jana Pawła II,20/Q22,Poland
452552128,4671,452550595,52.318,20.96682,Warszawa,Światowida 17,Galeria Północna,Poland
1923167034,4672,452550613,52.318,20.96682,Warszawa,Światowida 17,Galeria Północna,Poland
1162849291,4805,357845280,52.17913582,21.00344097,Warszawa,Wołoska 12,Westfield Mokotów,Poland
1162849291,4806,357845280,52.17913485,21.00346117,Warszawa,Wołoska 12,Westfield Mokotów,Poland
1162363853,4807,357845299,52.1792031,21.0040298,Warszawa,Wołoska 12,Westfield Mokotów,Poland
1162363853,4808,357845299,52.17919529,21.00403047,Warszawa,Wołoska 12,Westfield Mokotów,Poland
1161390310,4809,357845302,52.17925722,21.00481778,Warszawa,Wołoska 12,Westfield Mokotów,Poland
1161390310,4810,357845302,52.1793488,21.00479687,Warszawa,Wołoska 12,Westfield Mokotów,Poland
1162363886,4811,357845306,52.17989528,21.00481222,Warszawa,Wołoska 12,Westfield Mokotów,Poland
1162363886,4812,357845306,52.17989528,21.00481222,Warszawa,Wołoska 12,Westfield Mokotów,Poland
1161390502,4813,357845309,52.1802561,21.00477412,Warszawa,Wołoska 12,Westfield Mokotów,Poland
1161390502,4814,357845309,52.18026268,21.00477143,Warszawa,Wołoska 12,Westfield Mokotów,Poland
1161390528,4815,357845312,52.18032862,21.00437052,Warszawa,Wołoska 12,Westfield Mokotów,Poland
1161390528,4816,357845312,52.18032655,21.00434212,Warszawa,Wołoska 12,Westfield Mokotów,Poland
1161390594,4817,357845315,52.18031258,21.00400776,Warszawa,Wołoska 12,Westfield Mokotów,Poland
1161390594,4818,357845315,52.18031247,21.00400355,Warszawa,Wołoska 12,Westfield Mokotów,Poland
1162364023,4819,357845318,52.18030191,21.00344999,Warszawa,Wołoska 12,Westfield Mokotów,Poland
1162364023,4820,357845318,52.1803031,21.00336345,Warszawa,Wołoska 12,Westfield Mokotów,Poland
1162364053,4821,357845321,52.17972761,21.00376197,Warszawa,Wołoska 12,Westfield Mokotów,Poland
1162364053,4822,357845321,52.17972719,21.00376331,Warszawa,Wołoska 12,Westfield Mokotów,Poland
1162849504,4823,357845325,52.17929865,21.00330283,Warszawa,Wołoska 12,Westfield Mokotów,Poland
1162849504,4824,357845325,52.17930852,21.00329871,Warszawa,Wołoska 12,Westfield Mokotów,Poland
1162849707,4825,357846006,52.18037,21.00474667,Warszawa,Wołoska 12,Westfield Mokotów,Poland
1162849707,4826,357846006,52.18037,21.00474667,Warszawa,Wołoska 12,Westfield Mokotów,Poland
1162849616,4827,357845328,52.17969972,21.00333833,Warszawa,Wołoska 12,Westfield Mokotów,Poland
1162849616,4828,357845328,52.17969972,21.00333833,Warszawa,Wołoska 12,Westfield Mokotów,Poland
1160162883,4864,356406469,52.25473,21.03602,Warszawa,Targowa 72,Galeria Wileńska,Poland
1160162883,4865,356406469,52.25473,21.03602,Warszawa,Targowa 72,Galeria Wileńska,Poland
1160166673,4866,356410333,52.25497,21.03663,Warszawa,Targowa 72,Galeria Wileńska,Poland
1160166673,4867,356410333,52.25497,21.03663,Warszawa,Targowa 72,Galeria Wileńska,Poland
1160170355,4868,356410290,52.25445,21.03761,Warszawa,Targowa 72,Galeria Wileńska,Poland
1160170355,4869,356410290,52.25445,21.03761,Warszawa,Targowa 72,Galeria Wileńska,Poland
1160174386,4870,356410256,52.25498,21.03709,Warszawa,Targowa 72,Galeria Wileńska,Poland
1160174386,4871,356410256,52.25498,21.03709,Warszawa,Targowa 72,Galeria Wileńska,Poland
673997783,6931,222206283,52.256339,20.984238,Warszawa,Al. Jana Pawła II 82,Westfield Arkadia,Poland
673997783,6932,222206283,52.256339,20.984238,Warszawa,Al. Jana Pawła II 82,Westfield Arkadia,Poland
963985079,6934,252916785,52.23198139,21.05887226,Warszawa,Zwycięzców,32,Poland
1117927570,6941,385890060,52.178886,21.003469,Warszawa,Wołoska 12,Westfield Mokotów,Poland
1174453426,6952,316925129,50.253243,19.016191,Katowice,Kościuszki 35,Żwirki i Wigury,Poland
456167161,7312,456166946,51.7792978,19.4438879,Łódź,Drewnowska 58,Manufaktura,Poland
456167185,7315,456166959,51.7792978,19.4438879,Łódź,Drewnowska 58,Manufaktura,Poland
962057779,6955,406206467,52.38955452,16.87591732,Poznań,Ściegiennego,64/ Rynarzewska,Poland
962084663,6957,406206481,52.402042,16.934427,Poznań,Strzelecka,33/ przystanek T,Poland
962019838,6959,406206031,52.40043969,16.93525278,Poznań,Strzelecka,42/ zieleniec/sklep INUKI,Poland
962048458,6961,406206490,52.404552,16.896001,Poznań,Grunwaldzka,29a/ restauracja Donatello,Poland
962048690,6963,406206450,52.409772,16.906451,Poznań,Sienkiewicza,8/ Asnyka,Poland
964024541,6965,406186773,52.2292973,21.00036653,Warszawa,Chmielna 98,Jana Pawła II,Poland
962043159,6975,398242540,51.099592,17.038102,Wrocław,Piłsudskiego 114,Dworcowa,Poland
962042435,6983,406195828,50.26607,19.019408,Katowice,Chorzowska,Sokolska 13,Poland
1149796277,6988,455249759,51.78631,19.44901,Łódź,Zachodnia,21/Limanowskiego,Poland
1026397661,6991,416879900,52.254587,21.036323,Warszawa,Targowa 72,Galeria Wileńska,Poland
1026397661,6992,416879900,52.254587,21.036323,Warszawa,Targowa 72,Galeria Wileńska,Poland
417179716,6993,416880891,52.254587,21.036211,Warszawa,Targowa 72,Galeria Wileńska,Poland
417179716,6994,416880891,52.254587,21.036211,Warszawa,Targowa 72,Galeria Wileńska,Poland
675165417,6995,456169404,51.73111,19.47678,Łódź,Broniewskiego,Kilińskiego,Poland
760766814,6996,456169408,51.78591,19.45274,Łódź,Zgierska,25/ Bałucki Rynek,Poland
1157848010,5459,357502192,52.25673,20.98346,Warszawa,Al. Jana Pawła II 82,Westfield Arkadia,Poland
1157848010,5460,357502192,52.25673,20.98346,Warszawa,Al. Jana Pawła II 82,Westfield Arkadia,Poland
1157848456,5461,357503002,52.25721,20.98351,Warszawa,Al. Jana Pawła II 82,Westfield Arkadia,Poland
1157848456,5462,357503002,52.25721,20.98351,Warszawa,Al. Jana Pawła II 82,Westfield Arkadia,Poland
1156963067,5463,357502999,52.25767,20.98348,Warszawa,Al. Jana Pawła II 82,Westfield Arkadia,Poland
1156963067,5464,357502999,52.25767,20.98348,Warszawa,Al. Jana Pawła II 82,Westfield Arkadia,Poland
1157848556,5465,357502996,52.25768,20.98434,Warszawa,Al. Jana Pawła II 82,Westfield Arkadia,Poland
1157848556,5466,357502996,52.25768,20.98434,Warszawa,Al. Jana Pawła II 82,Westfield Arkadia,Poland
1157848599,5467,357502993,52.25765,20.98538,Warszawa,Al. Jana Pawła II 82,Westfield Arkadia,Poland
1157848599,5468,357502993,52.25765,20.98538,Warszawa,Al. Jana Pawła II 82,Westfield Arkadia,Poland
1157360665,5469,357502990,52.2569,20.98638,Warszawa,Al. Jana Pawła II 82,Westfield Arkadia,Poland
1157360665,5470,357502990,52.2569,20.98638,Warszawa,Al. Jana Pawła II 82,Westfield Arkadia,Poland
1175186362,5471,357502987,52.25696,20.98582,Warszawa,Al. Jana Pawła II 82,Westfield Arkadia,Poland
1175186362,5472,357502987,52.25696,20.98582,Warszawa,Al. Jana Pawła II 82,Westfield Arkadia,Poland
1157360812,5473,357502984,52.25676,20.98525,Warszawa,Al. Jana Pawła II 82,Westfield Arkadia,Poland
1157360812,5474,357502984,52.25676,20.98525,Warszawa,Al. Jana Pawła II 82,Westfield Arkadia,Poland
1156963328,5475,357502981,52.25652,20.98409,Warszawa,Al. Jana Pawła II 82,Westfield Arkadia,Poland
1156963328,5476,357502981,52.25652,20.98409,Warszawa,Al. Jana Pawła II 82,Westfield Arkadia,Poland
1156410040,5477,357502978,52.25662,20.98344,Warszawa,Al. Jana Pawła II 82,Westfield Arkadia,Poland
1156410040,5478,357502978,52.25662,20.98344,Warszawa,Al. Jana Pawła II 82,Westfield Arkadia,Poland
1156410176,5479,357503012,52.25769,20.98403,Warszawa,Al. Jana Pawła II 82,Westfield Arkadia,Poland
1156410176,5480,357503012,52.25769,20.98403,Warszawa,Al. Jana Pawła II 82,Westfield Arkadia,Poland
1156410341,5481,357503008,52.2576,20.98599,Warszawa,Al. Jana Pawła II 82,Westfield Arkadia,Poland
1156844552,5482,357503005,52.25676,20.98451,Warszawa,Al. Jana Pawła II 82,Westfield Arkadia,Poland
1251989542,5510,373578466,52.25636,20.98314,Warszawa,Al. Jana Pawła II 82,Westfield Arkadia,Poland
624236576,5527,453618998,52.22658918,21.01410213,Warszawa,Marszałkowska,76/80/ Dom Maklerski/ Rossmann,Poland
624236576,5528,453618998,52.2265996,21.01411349,Warszawa,Marszałkowska,76/80/ Dom Maklerski/ Rossmann,Poland
963987701,5533,252920648,52.25336495,20.99745577,Warszawa,Andersa,37,Poland
254717978,5540,252921190,52.22348725,21.02086835,Warszawa,Piękna,07-Sep,Poland
963987517,5543,259428628,52.24136643,20.99347665,Warszawa,Al. Solidarności,119/125/ przejście arkady,Poland
963984925,5546,259428651,52.23572354,21.00868919,Warszawa,Marszałkowska,136/ przed Świętokrzyską,Poland
611505505,6449,611504016,51.1188958,16.9889748,Wrocław,Legnicka 58,Magnolia Park,Poland
611505505,6450,611504016,51.118676,16.9894084,Wrocław,Legnicka 58,Magnolia Park,Poland
611508314,6451,611504050,51.1183426,16.9884019,Wrocław,Legnicka 58,Magnolia Park,Poland
611508314,6452,611504050,51.1183426,16.9884019,Wrocław,Legnicka 58,Magnolia Park,Poland
611510619,6453,611504053,51.1194431,16.9901667,Wrocław,Legnicka 58,Magnolia Park,Poland
611510619,6454,611504053,51.1194431,16.9901667,Wrocław,Legnicka 58,Magnolia Park,Poland
611511056,6455,611504056,51.120298,16.9912161,Wrocław,Legnicka 58,Magnolia Park,Poland
611511056,6456,611504056,51.120298,16.9912161,Wrocław,Legnicka 58,Magnolia Park,Poland
611513909,6457,611504059,51.1202114,16.9915807,Wrocław,Legnicka 58,Magnolia Park,Poland
611513909,6458,611504059,51.1203781,16.9912099,Wrocław,Legnicka 58,Magnolia Park,Poland
611514267,6459,611504072,51.1183606,16.9878399,Wrocław,Legnicka 58,Magnolia Park,Poland
611514267,6460,611504072,51.1183606,16.9878399,Wrocław,Legnicka 58,Magnolia Park,Poland
611514418,6461,611504075,51.1198217,16.9905254,Wrocław,Legnicka 58,Magnolia Park,Poland
611514418,6462,611504075,51.1199189,16.9904958,Wrocław,Legnicka 58,Magnolia Park,Poland
611514452,6463,611504047,51.1175776,16.9887136,Wrocław,Legnicka 58,Magnolia Park,Poland
611514452,6464,611504047,51.1175776,16.9887136,Wrocław,Legnicka 58,Magnolia Park,Poland
742877588,6470,447241709,51.09685633,17.03417513,Wrocław,Sucha 1,Wroclavia,Poland
742877588,6471,447241709,51.09685633,17.03417781,Wrocław,Sucha 1,Wroclavia,Poland
687539334,6472,447241716,51.09675675,17.03566393,Wrocław,Sucha 1,Wroclavia,Poland
687539334,6473,447241716,51.09675549,17.03566326,Wrocław,Sucha 1,Wroclavia,Poland
742879963,6474,447241723,51.0960671,17.03489449,Wrocław,Sucha 1,Wroclavia,Poland
742879963,6475,447241723,51.09607365,17.03490223,Wrocław,Sucha 1,Wroclavia,Poland
1292277229,6476,447241742,51.09582558,17.03375798,Wrocław,Sucha 1,Wroclavia,Poland
1292277229,6477,447241742,51.09581678,17.03373911,Wrocław,Sucha 1,Wroclavia,Poland
775644923,6478,447241795,51.09622852,17.03379388,Wrocław,Sucha 1,Wroclavia,Poland
775644923,6479,447241795,51.09624083,17.03378778,Wrocław,Sucha 1,Wroclavia,Poland
742881974,6480,447241508,51.09670547,17.03385542,Wrocław,Sucha 1,Wroclavia,Poland
742881974,6481,447241508,51.09669284,17.03385005,Wrocław,Sucha 1,Wroclavia,Poland
1233001657,6484,373581524,51.09673,17.03421,Wrocław,Sucha 1,Wroclavia,Poland
1165579091,6485,373581530,51.09673,17.03421,Wrocław,Sucha 1,Wroclavia,Poland
456167161,7314,456166946,51.7794513,19.4452466,Łódź,Drewnowska 58,Manufaktura,Poland
630283461,7699,630282989,52.4027658,16.91472888,Poznań,Matyi,2/ Dw. Autobusowy - wejście/wyjście,Poland
656433447,7700,656432189,50.271853,19.003587,Katowice,Chorzowska 107,Silesia City Center,Poland
656433447,7701,656432189,50.271853,19.003587,Katowice,Chorzowska 107,Silesia City Center,Poland
656464980,7702,656433474,50.270676,19.003187,Katowice,Chorzowska 107,Silesia City Center,Poland
656464980,7703,656433474,50.270676,19.003187,Katowice,Chorzowska 107,Silesia City Center,Poland
656483756,7704,656433479,50.27056,19.005199,Katowice,Chorzowska 107,Silesia City Center,Poland
656483756,7705,656433479,50.27056,19.005199,Katowice,Chorzowska 107,Silesia City Center,Poland
656554231,7706,656433482,50.26988,19.0059,Katowice,Chorzowska 107,Silesia City Center,Poland
656554231,7707,656433482,50.26988,19.0059,Katowice,Chorzowska 107,Silesia City Center,Poland
997729020,8180,787450904,52.39848468,16.95383549,Poznań,Pleszewska,1/ Ogród Miejski Posnanii,Poland
674488615,8188,669830825,52.31805477,20.96633434,Warszawa,Światowida 17,Galeria Północna,Poland
678269815,8189,692789012,52.10562876,21.02053106,Piaseczno,Puławska,58/ Selgros Cash&Carry,Poland
660851812,8190,692789032,52.10562876,21.02053106,Piaseczno,Puławska,58/ Selgros Cash&Carry,Poland
1244864269,8191,692552627,52.30520848,21.08590722,Marki,Piłsudskiego,1/ CH M1 Marki,Poland
678227643,8192,692552630,52.30520848,21.08590722,Marki,Piłsudskiego,1/ CH M1 Marki,Poland
820983128,8193,692552619,52.21224814,20.95542312,Warszawa,AL. Jerozolimskie,179/ Blue City,Poland
657039238,8194,692552623,52.21224814,20.95542312,Warszawa,AL. Jerozolimskie,179/ Blue City,Poland
1179467982,8195,692552821,52.18826312,21.06173515,Warszawa,Powsińska,31/ Sadyba Best Mall,Poland
1046590587,7533,545357714,54.37773922,18.60685945,Gdańsk,Al. Grunwaldzka,82/ CH Manhattan-Partyzanów,Poland
962012698,7535,545357721,54.37671438,18.6075139,Gdańsk,Al. Grunwaldzka,82/ CH Manhattan - Jaśkowa Dolina,Poland
454390356,7292,426296505,52.26412586,20.93025327,Warszawa,Powstańców Śląskich 126,Galeria Bemowo,Poland
454390356,7293,426296505,52.26412586,20.93025327,Warszawa,Powstańców Śląskich 126,Galeria Bemowo,Poland
454390387,7294,426296542,52.26411929,20.93019962,Warszawa,Powstańców Śląskich 126,Galeria Bemowo,Poland
454390387,7295,426296542,52.26411929,20.93019962,Warszawa,Powstańców Śląskich 126,Galeria Bemowo,Poland
530279923,7296,453619197,52.2268498,21.0174036,Warszawa,Hoża 19,przed Kruczą,Poland
963984046,7298,223511527,52.2451715,20.99210501,Warszawa,Nowolipki 12,dojście do Al. Jana Pawła II,Poland
456167185,7316,456166959,51.7794513,19.4452466,Łódź,Drewnowska 58,Manufaktura,Poland
456167207,7317,456166963,51.7789852,19.4442517,Łódź,Drewnowska 58,Manufaktura,Poland
456167207,7318,456166963,51.7789852,19.4442517,Łódź,Drewnowska 58,Manufaktura,Poland
456167238,7319,456166966,51.779123,19.4448216,Łódź,Drewnowska 58,Manufaktura,Poland
456167238,7320,456166966,51.779123,19.4448216,Łódź,Drewnowska 58,Manufaktura,Poland
456167272,7321,456166971,51.7792132,19.4454664,Łódź,Drewnowska 58,Manufaktura,Poland
456167272,7322,456166971,51.7792132,19.4454664,Łódź,Drewnowska 58,Manufaktura,Poland
1373990265,7323,456166975,51.7793943,19.4450198,Łódź,Drewnowska 58,Manufaktura,Poland
1373990265,7324,456166975,51.7793943,19.4450198,Łódź,Drewnowska 58,Manufaktura,Poland
963987433,7325,259428637,52.2321825,21.01430297,Warszawa,Chmielna,23,Poland
2013977074,7327,454369665,51.09956053,17.04608202,Wrocław,Kościuszki 125,Pułaskiego,Poland
453682196,7336,453619134,50.06460496,19.94518518,Kraków,Lubicz,przejście podziemne,Poland
254718038,7337,252921228,52.2314794,21.00316644,Warszawa,Emilii Plater 47,Złota,Poland
1246047490,8196,692552818,52.18826312,21.06173515,Warszawa,Powsińska,31/ Sadyba Best Mall,Poland
678265061,8197,692552634,52.09337677,21.01856232,Piaseczno,Puławska,47/ Pasek,Poland
678266130,8198,692552638,52.09337677,21.01856232,Piaseczno,Puławska,47/ Pasek,Poland
453680343,8137,453617649,50.06432948,19.94520664,Kraków,Westerplatte,1 / wejście,Poland
947667863,8138,453617683,50.06431571,19.94526029,Kraków,Westerplatte,2 / wyjście,Poland
962594820,8145,445774337,50.2606386,19.01987029,Katowice,Al. Mickiewicza,3/ DH Ślązak,Poland
962594820,8146,445774337,50.2606386,19.01987029,Katowice,Al. Mickiewicza,3/ DH Ślązak,Poland
920799636,8147,787450918,52.39848468,16.95383549,Poznań,Pleszewska,1/ Ogród Miejski Posnanii,Poland
920799636,8148,787450918,52.39848468,16.95383549,Poznań,Pleszewska,1/ Ogród Miejski Posnanii,Poland
660533933,8151,654135249,52.25455943,20.98388204,Warszawa,Al. Jana Pawła II,80/ Babka Tower,Poland
660533933,8152,654135249,52.25446908,20.98370433,Warszawa,Al. Jana Pawła II,80/ Babka Tower,Poland
660536438,8153,654135253,52.20799786,20.96498251,Warszawa,Dickensa,27/ pętla autobusowa,Poland
660536438,8154,654135253,52.20799786,20.96498251,Warszawa,Dickensa,27/ pętla autobusowa,Poland
1099843308,8155,654135245,52.22725397,21.09326452,Warszawa,Fieldorfa,Abrahama 18,Poland
1099843308,8156,654135245,52.22725397,21.09326452,Warszawa,Fieldorfa,Abrahama 18,Poland
726988690,8210,726893353,50.25167796,19.00697529,Katowice,Mikołowska,50/ AliorBank,Poland
740932376,8212,726896658,50.27058221,19.0210127,Katowice,Sokolska,65,Poland
726987819,8214,726896674,50.26349146,19.01971847,Katowice,Sokolska,25/ pasaż,Poland
766533742,8216,766523656,52.37170189,16.90322757,Poznań,28 Czerwca 1956r.,310/ Rossmann,Poland
722555624,8227,722555450,52.29042094,21.03010779,Warszawa,Poborzańska,37/ Rebielińska,Poland
981521196,8230,759246810,52.14291106,21.02498353,Warszawa,Roentgena,45/ Auchan,Poland
1141970398,8233,748905160,52.17495481,21.06347859,Warszawa,Sobieskiego,18/ Biedronka,Poland
721800461,8234,721798735,52.18919383,21.01652384,Warszawa,Woronicza,30/ za Al. Niepodległości,Poland
721801344,8236,721798939,52.25996592,21.04655921,Warszawa,Al. Solidarności,za Szwedzką/ Wileńska 18,Poland
710038274,8244,710035728,52.40186902,16.91379547,Poznań,Matyi 2,Avenida,Poland
710038274,8245,710035728,52.40186902,16.91379547,Poznań,Matyi 2,Avenida,Poland
710040409,8246,710036028,52.40216359,16.91352725,Poznań,Matyi 2,Avenida,Poland
710040409,8247,710036028,52.40216359,16.91352725,Poznań,Matyi 2,Avenida,Poland
710041154,8248,710036031,52.40105733,16.9138813,Poznań,Matyi 2,Avenida,Poland
710041154,8249,710036031,52.40105733,16.9138813,Poznań,Matyi 2,Avenida,Poland
710041331,8250,710036052,52.40157446,16.9133985,Poznań,Matyi 2,Avenida,Poland
710041331,8251,710036052,52.40157446,16.9133985,Poznań,Matyi 2,Avenida,Poland
962043291,8252,747382694,54.33705285,18.61237675,Gdańsk,Cieszyńskiego,36/ Pasaż Chełmski,Poland
962048850,8254,766477166,54.40687994,18.58988643,Gdańsk,Chłopska,16b/ Biedronka,Poland
1061217023,8256,770529126,54.41313017,18.59227628,Gdańsk,Jagiellońska,7/ Przychodnia,Poland
962012779,8258,766477162,54.40484888,18.59630361,Gdańsk,Kołobrzeska,59A,Poland
962019765,8260,766477157,54.40879761,18.59579692,Gdańsk,Obrońców Wybrzeża,2A,Poland
821023784,8264,821019734,52.17518839,21.06330156,Warszawa,Sobieskiego,18/ Piekarnia Przystanek,Poland
1200150584,8290,752540009,50.07558345,19.9239099,Kraków,Mazowiecka,60/ Rzeczna,Poland
768058371,8291,768055874,50.05453498,19.91974711,Kraków,Pl. Na Stawach,Cukiernia,Poland
809151921,8293,696542587,52.18333629,21.01153493,Warszawa,Domaniewska,3/ Bryły,Poland
809151921,8294,696542587,52.18333629,21.01153493,Warszawa,Domaniewska,3/ Bryły,Poland
1291333005,8295,743825934,52.22480549,21.07089819,Warszawa,Egipska,3/ Afrykańska,Poland
1291333005,8296,743825934,52.22472964,21.07090522,Warszawa,Egipska,3/ Afrykańska,Poland
749147427,8297,748905173,52.18071971,21.02644265,Warszawa,Bukowińska,12/ Pejzażowa,Poland
752753927,8299,752751287,51.09142107,17.01833725,Wrocław,Powstańców Śląskich,118,Poland
805141319,8302,751988239,51.10018037,17.03940868,Wrocław,Dworcowa,28,Poland
751170286,8303,751168451,51.09880931,17.05199093,Wrocław,Tadeusza Kościuszki,Zgodna,Poland
1038184560,8305,753655987,52.19434179,20.96139499,Warszawa,AL. Krakowska,271/ Less Mess Storage,Poland
882911806,8306,753655976,52.19434179,20.96139499,Warszawa,AL. Krakowska,271/ Less Mess Storage,Poland
849750158,8307,772552506,53.43143673,14.5552057,Szczecin,Pl. Rodła,1,Poland
772555940,8308,772552663,53.42486518,14.55248594,Szczecin,Wyszyńskiego,Brama Portowa/ Tkacka,Poland
749096250,8309,452550411,52.31789738,20.96657038,Warszawa,Światowida 17,Galeria Północna,Poland
749096250,8310,452550411,52.31789738,20.96657038,Warszawa,Światowida 17,Galeria Północna,Poland
749097127,8311,452550573,52.31755634,20.96680641,Warszawa,Światowida 17,Galeria Północna,Poland
749097127,8312,452550573,52.31755634,20.96680641,Warszawa,Światowida 17,Galeria Północna,Poland
749097985,8313,452550577,52.31692673,20.96740723,Warszawa,Światowida 17,Galeria Północna,Poland
749097985,8314,452550577,52.31692673,20.96740723,Warszawa,Światowida 17,Galeria Północna,Poland
749099902,8315,452550580,52.31729401,20.9670639,Warszawa,Światowida 17,Galeria Północna,Poland
749099902,8316,452550580,52.31729401,20.9670639,Warszawa,Światowida 17,Galeria Północna,Poland
749100610,8317,452550583,52.31729401,20.96749306,Warszawa,Światowida 17,Galeria Północna,Poland
749100610,8318,452550583,52.31729401,20.96749306,Warszawa,Światowida 17,Galeria Północna,Poland
749100478,8319,452550586,52.31750387,20.96654892,Warszawa,Światowida 17,Galeria Północna,Poland
749100478,8320,452550586,52.31750387,20.96654892,Warszawa,Światowida 17,Galeria Północna,Poland
736502318,8330,398243025,51.11384157,17.05931067,Wrocław,Grunwaldzka,35/ Pasaż Grunwaldzki,Poland
732628824,8332,398242528,51.10003552,17.022838,Wrocław,Zielińskiego,22/ Swobodna,Poland
721839542,8333,454369083,51.09871499,17.01449633,Wrocław,Zaporoska,Skwierzyńska 19,Poland
721875206,8335,454369091,51.11919245,17.05330253,Wrocław,Prusa,51/ Rozbrat,Poland
732628783,8337,454369087,51.08967912,17.02282727,Wrocław,Kamienna,22/25 - Drukarska,Poland
772132200,8342,772130739,51.07689044,17.0398432,Wrocław,Świeradowska,45/ Bardzka,Poland
772144516,8347,772130746,51.09147498,17.0339182,Wrocław,Wesoła,Borowska 44,Poland
935963612,8368,774499216,50.26538951,19.0229398,Katowice,Chorzowska,Rondo,Poland
850265114,8371,850264104,52.23707275,21.00161243,Warszawa,Grzybowska,5,Poland
784587519,8384,784468070,50.27624,19.01637,Katowice,Słoneczna,Energetyków,Poland
1098674050,8387,787470390,51.72965,19.45693,Łódź,Paderewskiego,Zaolziańska,Poland
787474232,8389,787470382,51.7321,19.45431,Łódź,Pabianicka,Rondo Lotników Lwowskich,Poland
1240491573,8390,787471354,51.72879,19.45745,Łódź,Paderewskiego,Zaolziańska,Poland
787476240,8392,787471360,51.73312,19.45255,Łódź,Politechniki al.,Rondo Lotników Lwowskich,Poland
793426850,8394,793383328,51.75849,19.43373,Łódź,Włókniarzy al.,Karolewska (Dw. Łódź Kaliska),Poland
793367017,8397,793365383,51.74892,19.40749,Łódź,Retkińska,80/ Wyszyńskiego,Poland
793421753,8398,793383325,51.75692,19.43369,Łódź,Włókniarzy al.,Mickiewicza,Poland
816496162,8403,795788871,51.13597518,17.03828216,Wrocław,Kasprowicza,1/13 Żmigrodzka,Poland
795965058,8405,795958669,51.09208313,17.02373117,Wrocław,Wielka,53,Poland
803838293,8406,803836147,51.09613108,17.02821314,Wrocław,Komandorska,60,Poland
795959798,8408,795956511,51.11086447,17.05984175,Wrocław,Pl. Grunwaldzki,Pasaż,Poland
795959798,8409,795956511,51.11086447,17.05984175,Wrocław,Pl. Grunwaldzki,Pasaż,Poland
751061854,8410,751057190,50.27133,19.02065,Katowice,Misjonarzy Oblatów,Sokolska,Poland
1179390929,8412,768057993,50.26212,18.98653,Katowice,Bocheńskiego,77/ Giełda Towarowa,Poland
777674473,8414,777666112,50.23686,19.00727,Katowice,Gawronów,Kościół,Poland
768058680,8416,768058005,50.2825,18.9634,Katowice,Tysiąclecia,pętla autobusowa,Poland
809197919,8428,793053173,51.21908171,22.71880925,Świdnik,Armii Krajowej,22/24 - M Park,Poland
809198205,8429,793053189,51.21908171,22.71880925,Świdnik,Armii Krajowej,22/24 - M Park,Poland
819593842,8430,819590050,52.172091,21.00491792,Warszawa,Rzymowskiego,Gotarda,Poland
839312312,8437,839292601,52.15331292,21.05425179,Warszawa,Rosoła,63/ Just Gym,Poland
839312238,8438,839293975,52.15331292,21.05425179,Warszawa,Rosoła,63/ Just Gym,Poland
863485300,8446,863483302,51.08280164,17.0463717,Wrocław,Armi Krajowej,41 - 2,Poland
1154364538,8451,850255712,51.08790677,17.03793883,Wrocław,Kamienna,98,Poland
863406826,8483,863315032,51.09613782,17.02394843,Wrocław,Powstańców Śląskich,60,Poland
863406817,8487,863316416,51.09494183,17.02253222,Wrocław,Powstańców Śląskich,64,Poland
817300586,8505,816618613,51.08526835,17.01171756,Wrocław,Powstańców Śląskich,162/ Kasztanowa,Poland
827841003,8513,827840313,52.26350206,21.05169296,Warszawa,Stalowa 60/64,Kaufland Warszawa Stalowa,Poland
827841003,8514,827840313,52.26350206,21.05169296,Warszawa,Stalowa 60/64,Kaufland Warszawa Stalowa,Poland
828291817,8515,828290104,51.23575087,22.49347687,Lublin,Orkana 4,Mozaika Lublin,Poland
828291817,8516,828290104,51.23575087,22.49347687,Lublin,Orkana 4,Mozaika Lublin,Poland
828292115,8517,828290158,51.23532095,22.49382019,Lublin,Orkana 4,Mozaika Lublin,Poland
828292115,8518,828290158,51.23532095,22.49382019,Lublin,Orkana 4,Mozaika Lublin,Poland
851068059,8533,851066038,51.09688235,17.01653481,Wrocław,Szczęśliwa,75,Poland
850383150,8534,850255691,51.09769424,17.02935576,Wrocław,Komandorska,32,Poland
850538751,8537,850255680,51.09198373,17.02528417,Wrocław,Komandorska,98,Poland
850345829,8539,850255702,51.09597948,17.03136742,Wrocław,Ślężna,2,Poland
963987999,8581,865791849,52.25835,20.99442,Warszawa,Słomińskiego,Dw. Gdański - wejście metro prawy,Poland
963983079,8582,865792071,52.25837642,20.99378295,Warszawa,Słomińskiego,Dw. Gdański - wejście metro środkowy,Poland
963986356,8583,865792239,52.25843,20.99479,Warszawa,Słomińskiego,Dw. Gdański - wejście metro lewy,Poland
964488212,8584,865792394,52.25849,20.99455,Warszawa,Słomińskiego,Dw. Gdański - wejście Hala Dworca prawy,Poland
963988806,8585,865792491,52.25851,20.99457,Warszawa,Słomińskiego,Dw. Gdański - wejście Hala Dworca lewy,Poland
254717984,8586,865792610,52.25852,20.99433,Warszawa,Słomińskiego,Dw. Gdański - wejście peron 2,Poland
983673361,8587,865792797,52.2586,20.9944,Warszawa,Słomińskiego,Dw. Gdański - wejście peron 3,Poland
1173942448,8588,865793096,52.25866,20.99473,Warszawa,Słomińskiego,Dw. Gdański - wejście peron 4,Poland
964017153,8589,865793391,52.2585,20.99453,Warszawa,Słomińskiego,Dw. Gdański - wejście ul. Rydygiera,Poland
1007275023,8611,863350916,51.09592895,17.01968908,Wrocław,Gwieździsta,Szczęśliwa,Poland
1007275023,8612,863350916,51.09592895,17.01968908,Wrocław,Gwieździsta,Szczęśliwa,Poland
863484918,8613,863470869,51.09456787,16.97804913,Wrocław,Ostrowskiego,Grabiszyńska,Poland
859995518,8616,860540051,50.06983887,19.90592837,Kraków,Nawojki,Piastowska,Poland
859995526,8617,860539960,50.08878977,19.93030429,Kraków,Krowoderskich Zuchów,zajezdnia,Poland
859995533,8619,860539621,50.09001504,20.02177298,Kraków,Broniewskiego,Rondo Hipokratesa,Poland
1290885493,8629,864572207,52.27980338,21.12945557,Ząbki,Powstańców,25,Poland
1290885493,8630,864572207,52.27980338,21.12945557,Ząbki,Powstańców,25,Poland
865104748,8631,865104931,52.16894963,20.99523753,Warszawa,Kłobucka,27,Poland
1346089875,8635,876738519,52.23354925,20.9835273,Warszawa,Grzybowska,80/82,Poland
1346089875,8636,876738519,52.23354925,20.9835273,Warszawa,Grzybowska,80/82,Poland
894691370,8637,894689040,51.11434671,17.05786228,Wrocław,Grunwaldzka,26/ Mikołaja Reja,Poland
884821871,8640,884819319,50.08279377,19.95257199,Kraków,29 Listopada,ul. Wileńska,Poland
899575442,8646,899574010,50.04363263,19.9471271,Kraków,Kalwaryjska,9,Poland
900857822,8647,900857637,50.25579047,19.02689874,Katowice,Wojewódzka,27,Poland
897254848,8649,897249424,50.27300153,19.00867581,Katowice,Ściegiennego,27/ Silesia CIty Center,Poland
895501890,8653,895496231,51.09939799,17.04510682,Wrocław,Pułaskiego,Kościuszki,Poland
904673875,8655,903918443,51.09977445,17.03715831,Wrocław,Piłsudskiego,Gwarna,Poland
904673875,8656,903918443,51.09977445,17.03715831,Wrocław,Piłsudskiego,Gwarna,Poland
898127974,8657,898230801,52.19968314,21.02603389,Warszawa,Dolna,43/45,Poland
898127974,8658,898230801,52.19968314,21.02603389,Warszawa,Dolna,43/45,Poland
898918275,8665,898915657,51.75172,19.41003,Łódź,Retkińska,Kusocińskiego,Poland
898918367,8666,898916045,51.76048,19.48566,Łódź,Śmigłego-Rydza al.,Piłsudskiego al.,Poland
898918501,8667,898916836,51.77866,19.47515,Łódź,Pomorska,Kamińskiego,Poland
898918622,8668,898917300,51.81755,19.44355,Łódź,Sikorskiego al.,Nastrojowa,Poland
678904100,8669,692552145,52.0989265,20.60662866,Grodzisk Mazowiecki,Żyrardowska,14/ Grodzisk Strefa Park,Poland
678922826,8670,692552179,52.0989265,20.60662866,Grodzisk Mazowiecki,Żyrardowska,14/ Grodzisk Strefa Park,Poland
914163429,8678,906682888,52.23352172,20.91448771,Warszawa,Powstańców Śląskich,65a,Poland
984139957,8679,908597054,50.08832168,19.96384799,Kraków,Jakuba Majora,2/ Dobrego Pasterza,Poland
920020707,8769,919631377,53.42727289,14.54503745,Szczecin,Wojska Polskiego,8,Poland
920020707,8770,919631377,53.42727289,14.54503745,Szczecin,Wojska Polskiego,8,Poland
1394558137,8772,921922368,50.20139023,19.27335352,Jaworzno,Grunwaldzka,43/ Matejki,Poland
1394558137,8773,921922368,50.20139023,19.27335352,Jaworzno,Grunwaldzka,43/ Matejki,Poland
1188384065,8774,921922582,50.2652,18.99764,Katowice,Gliwicka,Anioła,Poland
928509367,8776,921926893,50.2578826,19.03988332,Katowice,1 Maja,22/ Rejtana,Poland
1969339871,8777,921929758,50.26827674,19.02034879,Katowice,Sokolska,Morcinka/ kino KOSMOS,Poland
1969339871,8778,921929758,50.26827674,19.02034879,Katowice,Sokolska,Morcinka/ kino KOSMOS,Poland
936237293,8797,927759235,53.42036422,14.55330133,Szczecin,Pl. Grodnicki,1/ Owocowa,Poland
936237293,8798,927759235,53.42036422,14.55330133,Szczecin,Pl. Grodnicki,1/ Owocowa,Poland
936236315,8799,927761920,53.42000537,14.5520246,Szczecin,Pl. Grodnicki,1/ wjazd na Dworzec,Poland
979572421,8825,931585527,52.4637348,16.65826142,Tarnowo Podgórne,Poznańska,98/ vis a vis Urządu Gminy,Poland
965661917,8826,931586199,52.4637348,16.65826142,Tarnowo Podgórne,Poznańska,98/ vis a vis Urządu Gminy,Poland
935546920,8827,931667505,51.09016094,17.01972663,Wrocław,Kamienna,6/ Drukarska,Poland
943230523,8830,932199650,50.11680479,18.9903456,Tychy,Al. Niepodległości,Grota Roweckiego/ Urząd Skarbowy,Poland
941383704,8831,932217182,50.22581379,18.96306102,Katowice,Panewnicka,Bazylika,Poland
936818346,8833,933932845,50.2509,19.02634,Katowice,Francuska,Centrum Biurowe GTC,Poland
946295742,8834,933944118,50.25873256,19.02699023,Katowice,Warszawska,Kościół Ewangelicki,Poland
935875871,8835,933944164,50.24398579,19.02455761,Katowice,Francuska,ORANGE,Poland
940026706,8837,933940841,50.22520154,18.96482176,Katowice,Panewnicka,40/ Ligota,Poland
451563725,8865,936268221,52.23266218,21.09473705,Warszawa,Fieldorfa 41,CH Gocław,Poland
451563725,8866,936268221,52.23266218,21.09473705,Warszawa,Fieldorfa 41,CH Gocław,Poland
451565770,8867,936272804,52.23266218,21.09473705,Warszawa,Fieldorfa 41,CH Gocław,Poland
451565770,8868,936272804,52.23266218,21.09473705,Warszawa,Fieldorfa 41,CH Gocław,Poland
936268538,8869,936273478,52.2397451,20.90674102,Warszawa,Górczewska 218,CH Górczewska,Poland
936268538,8870,936273478,52.2397451,20.90674102,Warszawa,Górczewska 218,CH Górczewska,Poland
936268509,8871,936267974,52.2397451,20.90674102,Warszawa,Górczewska 218,CH Górczewska,Poland
936268509,8872,936267974,52.2397451,20.90674102,Warszawa,Górczewska 218,CH Górczewska,Poland
964536001,8902,944900561,52.23551881,21.02889955,Warszawa,Kruczkowskiego,12A,Poland
334048995,8903,945684453,52.23772481,21.02748871,Warszawa,Tamka,9/13 - Solec,Poland
1164862733,8905,947566807,52.23506873,21.0333547,Warszawa,Solec,32/34 - prawy,Poland
950245890,8907,950195378,50.25539604,19.01150823,Katowice,Mikołowska,20,Poland
954161821,8916,953229006,51.07037175,16.99330151,Wrocław,Mglista,20/ Skarbowców,Poland
950181134,8917,950177018,51.76072507,19.47084188,Łódź,Al. Piłsudskiego,Dowborczyków,Poland
950181186,8918,950178306,51.7587013,19.52358216,Łódź,Św. Brata Alberta Chmielowskiego,5,Poland
950181186,8919,950178306,51.7587013,19.52358216,Łódź,Św. Brata Alberta Chmielowskiego,5,Poland
951557424,8920,951556324,52.23090114,18.25127631,Konin,Kolejowa,PKP Konin / CH Dekada,Poland
951557434,8921,951556368,52.23090114,18.25127631,Konin,Kolejowa,PKP Konin / CH Dekada,Poland
950181720,8922,950177042,51.38117619,16.19707569,Lubin,Kwiatowa,11,Poland
951407293,8923,951372720,51.87919495,16.0690257,Sława,Nowy Rynek,23C,Poland
951405671,8924,951372751,52.85286462,19.18029428,Lipno,Wojska Polskiego,16 / Intermarche,Poland
959242043,8925,957960526,52.36252063,16.90668762,Poznań,oś. Dębina,102/ punkt LOTTO,Poland
984141507,8926,957964718,50.06149792,19.92770053,Kraków,Pl. Sikorskiego,Garncarska,Poland
969629697,8927,958448906,50.25790747,19.03166234,Katowice,Warszawska,Górnicza,Poland
962547180,8940,961309991,52.31212072,21.06517698,Warszawa,Głębocka,60/ Centrum Medyczne,Poland
962547180,8941,961309991,52.31212072,21.06517698,Warszawa,Głębocka,60/ Centrum Medyczne,Poland
1010215742,8953,963226393,51.07831608,16.96425855,Wrocław,Solskiego,6,Poland
1010215742,8954,963226393,51.07831608,16.96425855,Wrocław,Solskiego,6,Poland
1015431705,8955,963229880,51.10308742,17.01689892,Wrocław,Grabiszyńska,Kolejowa 56,Poland
1015431705,8956,963229880,51.10308742,17.01689892,Wrocław,Grabiszyńska,Kolejowa 56,Poland
973388590,9009,973387919,52.18001,21.00433,Warszawa,Wołoska 12,Westfield Mokotów,Poland
984761128,9010,978380315,50.0850828,19.93456632,Kraków,Bratysławska,1/ stacja Shell,Poland
983054005,9011,978380328,50.08944715,19.90270302,Kraków,Conrada,36/ stacja Shell,Poland
983054350,9012,978380363,50.07261743,20.01880646,Kraków,Al. Jana Pawła II,186/ stacja Shell,Poland
983052685,9013,978380396,50.04012372,19.93724853,Kraków,Marii Konopnickiej,78/ stacja Shell,Poland
1021753380,9014,1021753303,50.00618066,19.94567871,Kraków,Stojałowskiego,1/ stacja Shell,Poland
980558888,9015,978381459,50.01312649,19.96026725,Kraków,Witosa,20/ stacja Shell,Poland
980560185,9016,978381485,50.02170677,19.93319571,Kraków,Zakopiańska,48/ stacja Shell,Poland
982591355,9017,398242534,51.08874915,17.00283408,Wrocław,Hallera,40/ Krucza,Poland
982589074,9020,398242525,51.09051809,17.01790273,Wrocław,Powstańców Śląskich,Rondo,Poland
982589175,9021,398242537,51.08795058,17.01746821,Wrocław,Sztabowa,78/ przed Sudecką,Poland
982586508,9023,398242521,51.11732022,17.04446197,Wrocław,Sienkiewicza,10/ Świętokrzyska,Poland
962060926,9039,997059705,54.3275331,18.61117947,Gdańsk,Małomiejska,przed Wawelską,Poland
962040784,9044,992558068,54.35573566,18.61426234,Gdańsk,Beethovena,za Noskowskiego 1,Poland
962048127,9048,984787738,54.34118569,18.61840367,Gdańsk,Sikorskiego,przed Chałubińskiego,Poland
962059126,9051,997047657,54.35960672,18.5777919,Gdańsk,Rakoczego,Żylewicza 2,Poland
1152157893,9073,989047458,51.1254475,17.04629677,Wrocław,Jedności Narodowej,147,Poland
1152157893,9074,989047458,51.1254475,17.04629677,Wrocław,Jedności Narodowej,147,Poland
1270580410,9079,990242492,51.11485522,17.06742704,Wrocław,Grunwaldzka,Kredka,Poland
980558222,9083,978381442,50.07632536,20.15337288,Kraków,Igłomska,34/ stacja Shell,Poland
1178401391,9088,992585277,52.09282637,21.03623807,Piaseczno,Geodetów,148/ rondo Praw Kobiet,Poland
1000703796,9089,1000131986,50.28690575,18.96541715,Chorzów,Al. Wojska Polskiego,22/ stacja Shell,Poland
1000856674,9090,1000844069,50.12701646,18.97478342,Tychy,Budowlanych,63/ stacja Shell,Poland
1010215492,9091,1001225440,50.30462979,18.92013609,Chorzów,3 Maja,199/ stacja Shell,Poland
1006541368,9093,1001225557,50.29841753,18.80025208,Zabrze,Wolności,384/ stacja Shell,Poland
1006546296,9094,1001225637,50.30521911,18.74409735,Zabrze,Wolności,57/ stacja Shell,Poland
994401826,9095,994335686,50.05033968,21.99846983,Rzeszów,Warszawska,18,Poland
1008935707,9108,1007269454,51.1125752,17.05665728,Wrocław,Curie-Skłodowskiej,Biurowiec 1,Poland
1008935707,9109,1007269454,51.1125752,17.05665728,Wrocław,Curie-Skłodowskiej,Biurowiec 1,Poland
1008935568,9110,1007267801,51.11220138,17.05783208,Wrocław,Curie-Skłodowskiej,Biurowiec 2,Poland
1008935568,9111,1007267801,51.11221149,17.05777308,Wrocław,Curie-Skłodowskiej,Biurowiec 2,Poland
1010215633,9151,1008968964,50.26369,19.01714,Katowice,Sokolska,Hotel ANGELO,Poland
1011459881,9153,1001225483,50.22058256,18.99031878,Katowice,Jankego,15C/ stacja Shell,Poland
1893699337,9154,943891272,52.2222723,20.91683149,Warszawa,Powstańców Śląskich,3A,Poland
1018856796,9159,1012456295,52.24173245,20.93139589,Warszawa,Górczewska 124,Wola Park,Poland
1012103924,9160,1012103790,50.21889211,18.98426235,Katowice,Kościuszki,322/ stacja Shell,Poland
1023212083,9161,1015413270,50.32310415,19.16676655,Dąbrowa Górnicza,Sobieskiego,69/ stacja Shell,Poland
1158836047,9162,945685250,52.23705464,21.02865279,Warszawa,Solec,58/60 - prawy,Poland
1017441751,9165,1017439221,52.16505488,20.93115449,Warszawa,Al. Krakowska,15/ stacja Shell,Poland
1023251086,9166,1022684859,51.04857557,16.96143286,Bielany Wrocławskie,Czekoladowa 5-22,Aleja Bielany,Poland
963985831,9167,223511535,52.23553031,21.02888346,Warszawa,Kruczkowskiego,12A,Poland
964020890,9168,223511532,52.23508433,21.03329569,Warszawa,Solec,32/34 - lewy,Poland
965937957,9169,223511487,52.23790137,21.02902924,Warszawa,Dobra,18/20,Poland
1013759434,9172,1013758263,51.11715942,17.03147873,Wrocław,Pomorska,4/ Cybulskiego,Poland
1035705060,9174,1035701854,50.08680725,18.54603231,Rybnik,Chwałowicka,1/ stacja Shell,Poland
1035705146,9175,1035701822,50.10171202,18.51563215,Rybnik,Budowlanych,72/ stacja Shell,Poland
1152133997,9176,1033745427,51.09878573,17.03612566,Wrocław,Dworzec Główny PKP,przejście podziemne - 1,Poland
1033745840,9177,1033745472,51.09878573,17.03612566,Wrocław,Dworzec Główny PKP,przejście podziemne - 2,Poland
1033774171,9178,1033745518,51.09878573,17.03612566,Wrocław,Dworzec Główny PKP,przejście podziemne - 3,Poland
1069407104,9179,1033745542,51.09878573,17.03612566,Wrocław,Dworzec Główny PKP,przejście podziemne - 4,Poland
1024275293,9182,1024275024,53.91000298,15.19493209,Gryfice,Trzygłowska,32,Poland
1033370069,9183,1033367762,52.2412555,20.932804,Warszawa,Górczewska 124,Wola Park,Poland
1033370069,9184,1033367762,52.2412555,20.932804,Warszawa,Górczewska 124,Wola Park,Poland
1349049602,9185,1348585451,50.30298909,18.79133951,Zabrze,Wolności,319,Poland
1064322986,9186,1045869138,50.30705366,18.7809819,Zabrze,Wolności,263,Poland
1064322436,9187,1045869053,50.30736,18.78176,Zabrze,Karola Miarki,Wolności,Poland
1064325969,9188,1064323440,50.29541486,18.78801057,Zabrze,3 Maja 61,Wyczółkowskiego,Poland
1045867228,9189,1043567383,52.41056245,16.86849058,Poznań,Bułgarska,119/ stacja Shell,Poland
1045867171,9190,1043568846,52.35679266,16.99446142,Poznań,Krzywoustego,124/ stacja Shell,Poland
1055185992,9197,1044666878,53.44291128,14.56477757,Szczecin,1 Maja,42/ Shell,Poland
1033370100,9199,1033367756,52.2412555,20.932804,Warszawa,Górczewska 124,Wola Park,Poland
1033370100,9200,1033367756,52.2416234,20.93049194,Warszawa,Górczewska 124,Wola Park,Poland
1033369905,9201,1033367759,52.2412555,20.932804,Warszawa,Górczewska 124,Wola Park,Poland
1033369905,9202,1033367759,52.2412555,20.932804,Warszawa,Górczewska 124,Wola Park,Poland
1033369505,9203,1033367728,52.2412555,20.932804,Warszawa,Górczewska 124,Wola Park,Poland
1033369505,9204,1033367728,52.2412555,20.932804,Warszawa,Górczewska 124,Wola Park,Poland
1161825431,9208,1052473614,53.4597578,14.5439338,Szczecin,Belgijska,1/ stacja Shell,Poland
1036095690,9215,1035708389,50.97452975,18.21521133,Kluczbork,Moniuszki,6/6a,Poland
1035711722,9216,1035709482,50.96973135,18.21796596,Kluczbork,Skłodowskiej-Curie,17,Poland
1049422550,9217,1047649582,51.08375363,17.01136351,Wrocław,Jaworowa,przed Powstańców Śląskich,Poland
1055191389,9225,1050022971,52.39973502,16.96870565,Poznań,Abp. Baraniaka,100/ stacja Shell,Poland
1118532300,9234,1055189834,50.25872457,19.04438406,Katowice,1 Maja,41/ Bogucicka - prawy,Poland
1055189391,9235,1055188080,50.25883089,19.04435724,Katowice,1 Maja,41/ Bogucicka - lewy,Poland
1100561382,9240,1100551324,52.59469653,21.45193962,Wyszków,Sowińskiego,62/ Galeria Wyszków,Poland
1055211198,9241,1055210906,53.42093326,14.50063348,Szczecin,Dworska,8/ stacja Shell - paczkomat,Poland
1055220502,9242,1055211992,53.42092207,14.50098485,Szczecin,Dworska,8/ stacja Shell - myjnia,Poland
1055210686,9243,1055210083,53.44537795,14.52281266,Szczecin,Wojska Polskiego,142/ stacja Shell,Poland
1064320354,9246,1064320193,53.41184451,14.57816541,Szczecin,Gdańska,10/ stacja Shell,Poland
1067245805,9247,1067245450,53.40406186,14.5035705,Szczecin,Południowa,9/ stacja Shell,Poland
1064308904,9248,1064308732,53.42536004,14.49986268,Szczecin,Derdowskiego,6/ stacja Shell - wjazd prawy,Poland
1070502298,9252,1070502180,53.40385217,14.5961347,Szczecin,Gdańska,16B/ stacja paliw Moya,Poland
1067244989,9253,1067244793,53.45686654,14.56922912,Szczecin,Obotrycka,6/ Biedronka,Poland
1070501721,9254,1070501086,53.42587412,14.48589348,Szczecin,Ku Słońcu,68C/ parking Biedronka,Poland
1070503304,9255,1070502624,53.42563055,14.51231884,Szczecin,Santocka,39/ SCMB,Poland
1070826837,9256,1070786594,51.09495658,16.97436205,Wrocław,Ostrowskiego,30,Poland
1094588542,9257,1094565160,53.42578922,14.48673302,Szczecin,Ku Słońcu,68C/ stacja MOL - Biedronka,Poland
1116697261,9258,1116089991,51.09910063,17.0216062,Wrocław,Zielińskiego,40,Poland
1149797633,9259,1116091096,51.09540783,16.98400654,Wrocław,Grabiszyńska,234,Poland
1100563570,9260,1100551557,52.59485131,21.45189939,Wyszków,Sowińskiego,62/ Galeria Wyszków,Poland
1345877228,9262,1132874070,53.46852023,14.54164755,Szczecin,Szwedzka,28/ paczkomat,Poland
1125922675,9264,1125866990,53.43075334,14.53877092,Szczecin,Piastów/ Ściegiennego,7-7a,Poland
1125922687,9265,1125867397,53.43984675,14.55140846,Szczecin,al. Wyzwolenia,85,Poland
1141182957,9266,1141182787,52.188032,21.059612,Warszawa,Powsińska,31/Sadyba Best Mall,Poland
1133408329,9267,1133408278,53.144765,17.976598,Bydgoszcz,Onufrego Zagłoby,1,Poland
1137985423,9268,1137985332,50.4520697,16.63691618,Kłodzko,Noworudzka,2,Poland
1137986180,9269,1137985870,50.45195869,16.63745799,Kłodzko,Noworudzka,2,Poland
1137986848,9270,1137986622,49.7930314,22.7711195,Przemyśl,29 Listopada,4,Poland
1116753089,9271,1116739867,53.39848,14.5252199,Szczecin,Budziszyńska,1,Poland
1101778159,9272,1099491560,53.4372957,14.55356245,Szczecin,Wyzwolania,44a/ parking - plac Witosa,Poland
1096253210,9273,1094608619,53.43691055,14.55372874,Szczecin,Wyzwolenia,44a/ parking Nowa Fala,Poland
1096253210,9274,1094608619,53.43691111,14.55372807,Szczecin,Wyzwolenia,44a/ parking Nowa Fala,Poland
1107440573,9275,1105146231,53.41202109,14.49274053,Szczecin,Europejska,17/ stacja Lotos,Poland
1107440573,9276,1105146231,53.41201826,14.49274321,Szczecin,Europejska,17/ stacja Lotos,Poland
1107441111,9277,1106310053,53.4287774,14.47689868,Szczecin,Spółdzielców,9i/ skelp Żabka,Poland
1107441111,9278,1106310053,53.42878136,14.47690002,Szczecin,Spółdzielców,9i/ skelp Żabka,Poland
1101706809,9279,1100482692,53.11336871,17.98426521,Bydgoszcz,Juliusza Kossaka,23/ Rossmann,Poland
1101706809,9280,1100482692,53.11337032,17.98426253,Bydgoszcz,Juliusza Kossaka,23/ Rossmann,Poland
1100564233,9281,1100559172,52.60142355,21.43954952,Wyszków,Piłsudskiego,46/ McDonald's,Poland
1100564233,9282,1100559172,52.60142339,21.43954709,Wyszków,Piłsudskiego,46/ McDonald's,Poland
1100564415,9283,1100559459,52.59808619,21.44474594,Wyszków,Pułtuska,Zakolejowa 57,Poland
1100564415,9284,1100559459,52.59808619,21.44475398,Wyszków,Pułtuska,Zakolejowa 57,Poland
1064316278,9285,1064310168,53.42535824,14.49982345,Szczecin,Derdowskiego,6/ stacja Shell - wjazd lewy,Poland
1064319818,9286,1064319453,53.42583851,14.49961156,Szczecin,Derdowskiego,6/ stacja Shell,Poland
1070594086,9287,1070572467,51.11944131,17.05709871,Wrocław,Nowowiejska,82/ Prusa,Poland
1070772657,9288,1070566939,51.10739038,17.02049882,Wrocław,Tęczowa,6,Poland
1070040547,9289,1070572437,51.08921179,17.04536577,Wrocław,Hubska,82,Poland
1070766814,9290,1070752804,51.1228088,17.0359063,Wrocław,Św. Wincentego,35/ Trzebnicka,Poland
1070768744,9291,1070768545,51.09878502,17.05112738,Wrocław,Świstackiego,2/ Kościuszki,Poland
1070744752,9292,1070040195,51.10577162,17.04340143,Wrocław,Krasińskiego,36,Poland
1173635776,9295,1083267877,52.23810324,21.02828738,Warszawa,Tamka,Dobra 19,Poland
1173635776,9296,1083267877,52.23810324,21.02828738,Warszawa,Tamka,Dobra 19,Poland
1276059939,9297,1275947204,50.28330066,19.17578194,Sosnowiec,11-go Listopada,kaufland,Poland
1303254652,9298,1303249957,53.45407834,14.56216769,Szczecin,Przyjaciół Żołnierza,4,Poland
1033370105,9308,1033368196,52.2412555,20.932804,Warszawa,Górczewska 124,Wola Park,Poland
1033370680,9309,1033368203,52.2412555,20.932804,Warszawa,Górczewska 124,Wola Park,Poland
1033370690,9310,1033368200,52.2412555,20.932804,Warszawa,Górczewska 124,Wola Park,Poland
1019661956,9320,1019661153,52.14222136,21.0213384,Warszawa,Puławska,427/ Auchan,Poland
1063040108,9321,1063039662,52.14222136,21.0213384,Warszawa,Puławska,427/ Auchan,Poland
1063011904,9322,1063010794,53.40865568,14.51016337,Szczecin,Mieszka I,29A/ stacja Shell,Poland
1063011904,9323,1063010794,53.40865568,14.51016337,Szczecin,Mieszka I,29A/ stacja Shell,Poland
1067381398,9329,1067380288,50.2730101,18.66150141,Gliwice,Rybnicka,159/ stacja Shell,Poland
1067244396,9330,1067244129,50.30983574,18.78630057,Zabrze,Pl. Teatralny,6/ stacja Shell,Poland
1067369604,9331,1067361217,50.31389185,18.77399594,Zabrze,Al. Korfantego,7/ stacja Transoil,Poland
1137987103,9334,1137986925,49.79396269,22.77217794,Przemyśl,29 Listopada,4,Poland
1147703984,9335,1137998356,54.165605,16.184182,Koszalin,Żytnia,2,Poland
1137997224,9336,1137995571,51.35240742,19.37605759,Bełchatów,Kolejowa,6,Poland
1137997199,9337,1137995430,51.35280786,19.37423,Bełchatów,Kolejowa,6,Poland
1138003371,9338,1138002776,52.223313,17.277475,Środa Wielkopolska,Poselska,10,Poland
1138004889,9339,1138004717,52.797444,18.268784,Inowrocław,Świętego Ducha,55,Poland
1138005306,9340,1138004945,52.204647,18.626457,Koło,Kolejowa,6,Poland
1138350488,9341,1138327033,53.588334,19.572675,Iława,Kardynała Stefana Wyszyńskiego,35A,Poland
1138352409,9342,1138352235,50.511224,18.312566,Strzelce Opolskie,Budowlanych,1/B,Poland
1138414271,9343,1138413840,50.72648357,23.26281234,Zamość,Przemysłowa,10,Poland
1138413999,9344,1138413478,50.725701,23.262823,Zamość,Przemysłowa,10,Poland
1138407091,9345,1138406359,50.72669601,23.2613243,Zamość,Przemysłowa,10,Poland
1147703955,9346,1139965147,53.186659,18.070924,Osielsko,Szosa Gdańska,56,Poland
1107440328,9347,1106312793,53.44143589,14.57334957,Szczecin,Teofila Firlika,42/ Biedronka,Poland
1107440496,9348,1106278304,53.45972747,14.54353801,Szczecin,Belgijska,1/ stacja Shell,Poland
1139994884,9349,1139994819,54.161835,15.54214,Kołobrzeg,Grzybowska,8A,Poland
1116753085,9350,1116740591,52.60120066,21.43964531,Wyszków,aleja Marszałka J. Piłsudskiego,46,Poland
1116753085,9351,1116740591,52.60119984,21.43965738,Wyszków,aleja Marszałka J. Piłsudskiego,46,Poland
1118469628,9352,1118284047,53.3827342,14.6607458,Szczecin,Struga,18,Poland
1118469628,9353,1118284047,53.3827342,14.6607458,Szczecin,Struga,18,Poland
1107441809,9354,1106326810,53.45488453,14.55177183,Szczecin,Przyjaciół Żołnierza,128/ Stara Cegielnia,Poland
1107441809,9355,1106326810,53.45488453,14.55177451,Szczecin,Przyjaciół Żołnierza,128/ Stara Cegielnia,Poland
1107447293,9356,1106327423,53.45469255,14.55163705,Szczecin,Przyjaciół Żołnierza,128/ Stara Cegielnia,Poland
1107447293,9357,1106327423,53.45469368,14.55163705,Szczecin,Przyjaciół Żołnierza,128/ Stara Cegielnia,Poland
1068878000,9362,1067494234,52.32377709,20.94522687,Warszawa,Mehoffera,23,Poland
1118469666,9363,1118284267,53.38243761,14.66083133,Szczecin,Struga,18,Poland
1118469666,9364,1118284267,53.38243201,14.66084474,Szczecin,Struga,18,Poland
1161569483,9365,1134250110,53.388025,14.654367,Szczecin,Gryfińska,111a,Poland
1161569483,9366,1134250110,53.388025,14.654367,Szczecin,Gryfińska,111a,Poland
1132907612,9367,1132873911,53.4688085,14.541976,Szczecin,Szwedzka,28,Poland
1132907612,9368,1132873911,53.4688085,14.541976,Szczecin,Szwedzka,28,Poland
1123355369,9369,1123295588,53.42869793,14.52610543,Szczecin,26 kwietnia,91,Poland
1123355369,9370,1123295588,53.42869793,14.5261175,Szczecin,26 kwietnia,91,Poland
1123355284,9371,1123295513,53.4286396,14.5268189,Szczecin,26 kwietnia,91,Poland
1123355284,9372,1123295513,53.42864459,14.52683499,Szczecin,26 kwietnia,91,Poland
1148476493,9373,1148415940,53.39631981,14.66641969,Szczecin,Emilii Gierczak,24/25,Poland
1148476493,9374,1148415940,53.39631981,14.66641969,Szczecin,Emilii Gierczak,24/25,Poland
1148476678,9375,1148416069,53.39643175,14.66666825,Szczecin,Emilii Gierczak,24/25,Poland
1148476678,9376,1148416069,53.39643175,14.66666825,Szczecin,Emilii Gierczak,24/25,Poland
1101706955,9377,1100484844,53.14636424,17.96377946,Bydgoszcz,Lubostrońska,5/ Rossmann-Pepco,Poland
1101706955,9378,1100484844,53.14636343,17.9637808,Bydgoszcz,Lubostrońska,5/ Rossmann-Pepco,Poland
1070767894,9379,1070752821,51.1019839,17.03605759,Wrocław,Kościuszki,53,Poland
1098308127,9381,1070768572,51.10487578,17.02308272,Wrocław,Sądowa,9,Poland
1070768425,9382,1070753089,51.10254191,17.02560872,Wrocław,Piłsudskiego,28,Poland
1078295719,9383,1078292018,52.44290289,16.91034516,Poznań,Lechicka,2/ stacja Shell,Poland
1076061058,9384,1076060919,53.40839611,14.51032622,Szczecin,Mieszka I,29/ stacja Shell,Poland
1118556599,9385,1118283039,50.2769096,19.0678131,Katowice,Le Ronda,9,Poland
1116697171,9386,1116133747,50.2594931,19.0548911,Katowice,1 Maja,97 / PRAWY,Poland
1116697567,9387,1116133808,50.2594931,19.0548911,Katowice,1 Maja,97 / LEWY,Poland
1117904239,9388,1116740531,50.2084142,18.9744934,Katowice,Jankego,179,Poland
1116753064,9389,1116740231,50.20837472,18.974425,Katowice,Armii Krajowej,81,Poland
1129203311,9390,1129155974,50.21139804,18.984568,Katowice,Tyska,1,Poland
1126011131,9391,1125870697,51.73551093,19.50605152,Łódź,Gojawiczyńskiej,58/ Shell,Poland
1132874466,9392,1132873216,51.71777205,19.43715218,Łódź,Pabianicka,174/ Shell,Poland
1116697488,9393,1116130380,50.3456379,18.9295112,Bytom,Krakowska,27/ stacja Shell,Poland
1107440531,9394,1106309535,53.44534419,14.52285369,Szczecin,Wojska Polskiego,142/ stacja Shell - Netto,Poland
1109040730,9395,1109039656,51.11683471,17.05168245,Wrocław,Sienkiewicza,52/ Wyszyńskiego,Poland
1109117314,9396,1109039748,51.11355466,17.05298558,Wrocław,Szczytnicka,26/ Miła,Poland
1109040831,9397,1109039872,51.11677696,17.05238649,Wrocław,Sienkiewicza,56/ Szarzyńskiego,Poland
1115399101,9398,1109039961,51.11858319,17.04227725,Wrocław,Bema,15/ Na Szańcach,Poland
1109041760,9399,1109040213,51.10211776,17.02565985,Wrocław,Zielińskiego,2/ Piłsudskiego,Poland
1101747309,9400,1101746967,50.40378608,18.80970348,Bytom,Żołnierska,121/ stacja Shell,Poland
1101744707,9401,1101743096,50.31343063,19.19468742,Sosnowiec,Braci Mieroszewskich,95/ stacja Shell,Poland
1110527433,9402,1110504274,50.25979093,19.01588591,Katowice,3 Maja,25/ Słowackiego,Poland
1110529867,9403,1110526058,50.25980872,19.01584735,Katowice,Słowackiego,3 Maja 25,Poland
772075160,9405,772074534,51.11360792,17.02366573,Wrocław,Podwale,2/ Odra Tower,Poland
772075160,9406,772074534,51.11360792,17.02366573,Wrocław,Podwale,2/ Odra Tower,Poland
1076203340,9417,1085214188,51.19459784,20.41803577,Końskie,Lipowa,12/ Kaufland,Poland
1092608606,9418,1078665085,52.41091142,16.86396299,Poznań,Bukowska,156/ Kolorowa - King Cross Marcelin,Poland
1076204983,9419,1078665155,52.4111961,16.86300813,Poznań,Bukowska,156/ parking podziemny King Cross Marcelin,Poland
1076203521,9423,1079598731,50.01313231,19.93050234,Kraków,Zakopiańska,62/ rondo parking Carrefour,Poland
1076203928,9424,1079598964,50.0160641,19.93103878,Kraków,Zakopiańska,62/ parking Castorama,Poland
1094545155,9431,1094542120,52.0969979,20.91827941,Lesznowola,Słoneczna,"314/ Biedronka, Rossmann",Poland
1094546600,9432,1094545670,52.07130911,21.01585086,Piaseczno,Dworcowa,"21/ Rossmann, Pepko",Poland
1213128275,9433,1094547319,52.07608452,21.03060675,Piaseczno,Chyliczkowska,14/ Starostwo Piaseczno,Poland
1094547935,9434,1094547776,50.06541842,22.49910349,Przeworsk,Dynowska,18C/ RockPark Przeworsk,Poland
1096849039,9437,1096848785,52.14902716,21.04469582,Warszawa,Al. KEN,61/ Urząd Dzielnicy Ursynów,Poland
1096952809,9438,1096952223,51.03599551,21.08829638,Starachowice,Wyszyńskiego,14/ CH Galardia,Poland
1096953301,9439,1096952330,51.03599551,21.08829638,Starachowice,Wyszyńskiego,14/ CH Galardia,Poland
1096955522,9440,1096955316,53.16872515,22.07686108,Łomża,Zawadzka,38/ Galeria Veneda,Poland
1107680159,9441,1096955393,53.16932327,22.0771454,Łomża,Zawadzka,38/ Galeria Veneda,Poland
1101319546,9442,1096957454,52.29652194,20.93214867,Warszawa,"Zgrupowania AK ""Kampinos""",15/ Galeria Młociny,Poland
1101319603,9443,1096957539,52.29616761,20.9322345,Warszawa,"Zgrupowania AK ""Kampinos""",15/ Galeria Młociny,Poland
1098669246,9447,1098668885,52.2302623,20.96407488,Warszawa,Ludwiki,4a,Poland
1098669246,9448,1098668885,52.2302623,20.96407488,Warszawa,Ludwiki,4a,Poland
1106435733,9449,1106417495,52.40481564,17.09578096,Swarzędz,Poznańska,6/ ETC Swarzędz,Poland
1106435815,9450,1106417845,52.40481564,17.09578096,Swarzędz,Poznańska,6/ ETC Swarzędz,Poland
1109870768,9451,1109830104,51.75095492,19.43908518,Łódź,Jana Pawła II,30/ Pasaż Łódzki,Poland
1109871971,9452,1109829509,51.74955031,19.43953813,Łódź,Jana Pawła II,30/ Pasaż Łódzki,Poland
1109804388,9453,1109804175,51.11219661,17.05907667,Wrocław,Plac Grunwaldzki,22/ Pasaż Grunwaldzki,Poland
1109084972,9454,1109080042,50.1305669,18.9965365,Tychy,Oświęcimska,15/ Galeria Kwiatowa,Poland
1109870620,9455,1109747597,51.7437095,18.0699119,Kalisz,Górnośląska,82/ Galeria Amber,Poland
1109870722,9456,1109748134,51.7437095,18.0699119,Kalisz,Górnośląska,82/ Galeria Amber,Poland
1120277868,9457,1109112909,50.096204,18.5375887,Rybnik,Raciborska,16/ Rybnik Plaza,Poland
1122708203,9458,1109112100,50.096204,18.5375887,Rybnik,Raciborska,16/ Rybnik Plaza,Poland
1116697360,9460,1116094428,50.27147144,19.0661857,Katowice,Rozdzieńskiego,210A/ stacja Shell,Poland
1177760456,9469,1115370966,51.76593969,18.08765627,Kalisz,3 Maja,1/ Tęcza,Poland
1115374907,9470,1115372472,51.76593969,18.08765627,Kalisz,3 Maja,1/ Tęcza,Poland
1132908728,9512,1132873414,51.75325416,19.58217526,Łódź,Rokicińska,190A/ Shell,Poland
1160806859,9527,1160713047,53.47137801,14.54342498,Szczecin,Szczecińska,24b,Poland
1160806859,9528,1160713047,53.47137801,14.54342498,Szczecin,Szczecińska,24b,Poland
1160806936,9529,1160712991,53.47149672,14.5431991,Szczecin,Szczecińska,24b,Poland
1160806936,9530,1160712991,53.47149672,14.5431991,Szczecin,Szczecińska,24b,Poland
1172367691,9531,1172313335,53.42768968,14.53148956,Szczecin,Aleja Bohaterów Warszawy 42,Galeria Turzyn 1,Poland
1172367691,9532,1172313335,53.42768968,14.53148956,Szczecin,aleja Bohaterów Warszawy 42,Galeria Turzyn 1,Poland
1173251726,9533,1173134392,53.42762299,14.52936343,Szczecin,aleja Bohaterów Warszawy 42,Galeria Turzyn 2,Poland
1173251726,9534,1173134392,53.42762299,14.52936343,Szczecin,aleja Bohaterów Warszawy 42,Galeria Turzyn 2,Poland
1178351213,9535,1178350989,50.2885106,18.79323614,Zabrze,3 Maja,97,Poland
1178351213,9536,1178350989,50.2885106,18.79323614,Zabrze,3 Maja,97,Poland
1187380305,9537,1187347350,52.28647491,21.08412012,Warszawa,Łodygowa,24A,Poland
1187380305,9538,1187347350,52.28647491,21.08412012,Warszawa,Łodygowa,24A,Poland
1202520218,9539,1202518770,52.13956849,21.05834414,Warszawa,Aleja Komisji Edukacji Narodowej,36,Poland
1202520218,9540,1202518770,52.13956849,21.05834414,Warszawa,Aleja Komisji Edukacji Narodowej,36,Poland
1209044497,9541,1208608433,53.39374401,14.5018984,Szczecin,Południowa,18/20,Poland
1209044497,9542,1208608433,53.39375041,14.50189974,Szczecin,Południowa,18/20,Poland
1213227651,9543,1213146285,53.39340935,14.50109644,Szczecin,Południowa,18/20,Poland
1213227651,9544,1213146285,53.39340935,14.50109644,Szczecin,Południowa,18/20,Poland
1213780658,9545,1213147992,53.39395044,14.50040588,Szczecin,Południowa,18/20,Poland
1213780658,9546,1213147992,53.39395044,14.50040588,Szczecin,Południowa,18/20,Poland
1213227796,9547,1213155483,53.39368222,14.4996715,Szczecin,Południowa,18/20,Poland
1213227796,9548,1213155483,53.39368222,14.4996715,Szczecin,Południowa,18/20,Poland
1229968124,9549,1229961217,50.21108389,18.98348968,Katowice,Jankego,112,Poland
1229968124,9550,1229961217,50.21108389,18.98348968,Katowice,Jankego,112,Poland
1231557156,9551,1230801684,53.45422144,14.47527534,Szczecin,Modra,33,Poland
1231557156,9552,1230801684,53.45422144,14.47527534,Szczecin,Modra,33,Poland
734787389,9891,445767144,50.259021,19.017707,Katowice,3-go Maja 30,Katowicka,Poland
445772346,9890,445767305,50.259021,19.017707,Katowice,3-go Maja 30,Katowicka,Poland
445772346,9889,445767305,50.259021,19.017707,Katowice,3-go Maja 30,Katowicka,Poland
1287855307,9888,1254632916,50.259021,19.017707,Katowice,3-go Maja 30,Katowicka,Poland
1247007063,9557,1246871787,53.36349369,14.73542353,Szczecin,Balińskiego,20,Poland
1247007063,9558,1246871787,53.36349369,14.73542353,Szczecin,Balińskiego,20,Poland
1262161728,9559,1261161757,53.42912972,14.46928284,Mierzyn,Wielecka,4D,Poland
1262161728,9560,1261161757,53.42912972,14.46928284,Mierzyn,Wielecka,4D,Poland
1295765427,10079,1295754314,54.41258468,18.58723013,Gdańsk,Czerwony Dwór,24,Poland
1295765427,10078,1295754314,54.41218002,18.58670223,Gdańsk,Czerwony Dwór,24,Poland
1302078755,9563,1302077278,53.3819312,14.65633878,Szczecin,Rydla,50,Poland
1302078755,9564,1302077278,53.3819312,14.65633878,Szczecin,Rydla,50,Poland
1139995009,9565,1139994980,54.210436,16.20542,Koszalin,Bukowa,10,Poland
1138377489,9566,1138377389,53.443037,17.531557,Sępólno Krajeńskie,Wojska Polskiego,97,Poland
1137998479,9567,1137998449,54.202385,15.749549,Ustronie Morskie,Kolejowa,58,Poland
1138419067,9568,1140002568,53.0271111,18.5834167,Toruń,Świętego Józefa 53-59,Przy Wojewódzki Szpital Zespolony im. L. Rydygiera,Poland
1140018189,9569,1140017769,50.01589048,19.93029721,Kraków,Zakopiańska,62,Poland
1311747374,9570,1140023178,50.131013,18.996659,Tychy,Oświęcimska,15,Poland
1141183782,9571,1141183279,53.14643148,17.96316904,Bydgoszcz,Nad Torem,66,Poland
1133432726,9572,1133432682,52.18812481,21.06098023,Warszawa,Powsińska,31/ Sadyba Best Mall,Poland
1142519753,9581,1141183022,53.175816,18.033155,Niemcz,Bydgoska,2,Poland
1141186111,9582,1141185806,52.35983,17.132744,Gowarzewo,Kleszczewska,2,Poland
1167290215,9680,1168701418,52.28966451,21.08592527,Warszawa,Radzymińska,312,Poland
1167290215,9679,1168701418,52.28966451,21.08592527,Warszawa,Radzymińska,312,Poland
1167290445,9678,1168701787,52.16938449,20.99538838,Warszawa,Kłobucka / Bokserska,paczkomat allegro,Poland
1178388815,9604,1178388736,52.59577625,21.45153197,Wyszków,Gen. Józefa Sowińskiego,58,Poland
1198370333,9605,1198222373,53.45471659,14.56120343,Szczecin,Przyjaciół Ronda,2,Poland
1198365012,9606,1198226975,53.45493703,14.56063484,Szczecin,Przyjaciół Ronda,2,Poland
1199326381,9607,1199316418,50.24184583,18.83091255,Ruda Śląska,Solidarności,11,Poland
1209045077,9608,1208603761,53.3927417,14.501221,Szczecin,Południowa,28,Poland
1287855307,9887,1254632916,50.259021,19.017707,Katowice,3-go Maja 30,Katowicka,Poland
1247006248,9610,1246871495,53.45873359,14.58886834,Szczecin,Dębogórska,34/36,Poland
1295764842,10076,1295754981,54.41218002,18.58670223,Gdańsk,Czerwony Dwór,24,Poland
1295764842,10077,1295754981,54.41218002,18.58670223,Gdańsk,Czerwony Dwór,24,Poland
1310700344,9613,1310432956,53.15801283,18.15524207,Bydgoszcz,Stanisława Skarżyńskiego,10,Poland
1363683973,9615,1361109258,50.13733588,19.02507388,Tychy,Beskidzka,12,Poland
1367874942,9616,1367854369,50.25640294,19.18822033,Sosnowiec,Innowacyjna,shell,Poland
1382543691,10457,1382541181,50.257019,19.090269,Katowice,Lwowska,32,Poland
1382541972,10456,1382541453,52.386116,16.864583,Poznań,Promienista,160,Poland
1395143897,9621,1395065922,52.14416924,21.01904434,Warszawa,Puławska,417,Poland
1891004928,10538,1890971713,50.25149224,19.01458811,Katowice,Kosciuszki,51 L,Poland
1448832814,10537,1447829439,50.25149224,19.01458811,Katowice,Kosciuszki,51 P,Poland
1152119300,9631,1149959020,50.25971,18.96924,Katowice,Witosa,Pl. Świętego Herberta,Poland
1150938760,9633,1154449325,53.37910066,14.67034339,Szczecin,Andrzeja Struga,42,Poland
1150940437,9634,1152951485,54.02242465,14.74433363,Dziwnów,Adama Mickiewicza,26,Poland
1150978274,9635,1159917786,50.92042218,15.76049373,Jelenia Góra,Aleja Jana Pawła II,51,Poland
1150978431,9638,1159917924,50.92042218,15.76049373,Jelenia Góra,Aleja Jana Pawła II,51,Poland
1150978489,9639,1159923307,50.92042218,15.76049373,Jelenia Góra,Aleja Jana Pawła II,51,Poland
1150983613,9640,1152951860,53.46984274,18.77291512,Grudziądz,Generała Józefa Kustronia,1A,Poland
1150980268,9641,1160951287,54.25709128,16.05126081,Mielno,Lechitów,2A,Poland
1150981513,9642,1152952105,54.08118676,21.36640083,Kętrzyn,Urocza,4,Poland
1150983912,9643,1160951211,53.9057945,14.24179275,Świnoujście,Grunwaldzka,21,Poland
1199652703,9644,1179390561,52.44139465,16.91843916,Poznań,Drużbickiego,2,Poland
1150939377,9645,1154447936,52.65976914,17.95140156,Mogilno,Józefa Hallera,27B,Poland
1150972810,9646,1179390078,49.85311062,19.04239868,Bielsko Biała,Olimpijska,15,Poland
1150973087,9647,1365091824,53.10668396,18.04988879,Bydgoszcz,Al. Wojska Polskiego,23,Poland
1172178277,9648,1168846619,50.88086951,20.64553138,Kielce,Świętokrzyska,20,Poland
1150979032,9652,1168824840,50.88086951,20.64553138,Kielce,Świętokrzyska,20,Poland
1150978948,9651,1164280335,50.88086951,20.64553138,Kielce,Świętokrzyska,20,Poland
1150984136,9653,1154233548,53.4342467,14.55564159,Szczecin,al. Wyzwolenia,18/20,Poland
1171076303,9654,1154238071,53.4342467,14.55564159,Szczecin,al. Wyzwolenia,18/20,Poland
1150985685,9655,1154241915,53.4342467,14.55564159,Szczecin,al. Wyzwolenia,18/20,Poland
1151005807,9656,1154450064,50.05246124,17.77654351,Branice,Młyńska,1,Poland
1151006035,9657,1154450398,51.04356887,17.87915379,Domaszowice,Osiedlowa,2A,Poland
1154421627,9658,1154396106,50.30217031,18.78622615,Zabrze,3 Maja 14,Lutra,Poland
1154421943,9659,1154396147,50.30221534,18.78636017,Zabrze,Lutra,3 Maja 14,Poland
1150938939,9660,1160664406,53.37965858,14.66930112,Szczecin,Andrzeja Struga,42,Poland
1150940890,9661,1159924182,53.58703686,17.87155445,Tuchola,Warszawska,15,Poland
1155824899,9662,1155220796,50.25537015,19.01802721,Katowice,Batorego,Kościuszki,Poland
1152980134,9663,1152979188,50.25337519,19.02044115,Katowice,Plebiscytowa,Ligonia,Poland
1167289423,9673,1167288416,50.26292544,19.09455186,Katowice,Bednorza,Obrońców Westerplatte,Poland
1167289220,9674,1167288397,50.26286714,19.09436678,Katowice,Obrońców Westerplatte,Bednorza,Poland
1154422199,9675,1154422075,50.08568296,20.01921621,Kraków,Andersa,DH Wanda,Poland
1183908713,9708,1183345435,50.25586811,19.02327467,Katowice,Sienkiewicza,2,Poland
1189317724,9745,1194191410,52.19178898,20.95143229,Warszawa,Łopuszańska,22,Poland
1189317767,9746,1194190320,52.28643209,21.08416508,Warszawa,Łodygowa,24A,Poland
1167290723,9747,1194198338,54.36327922,18.64858021,Gdańsk,Księdza Jerzego Popiełuszki,2A,Poland
1218535490,9748,1195431223,52.18026,21.00434,Warszawa,Wołoska 12,Westfield Mokotów,Poland
1196513148,9749,1196511963,52.40169,16.91428,Poznań,Matyi 2,Avenida,Poland
1196513148,9750,1196511963,52.40169,16.91428,Poznań,Matyi 2,Avenida,Poland
1302078943,9759,1302077259,53.38242346,14.65667971,Szczecin,Rydla,50,Poland
1302078943,9760,1302077259,53.38242346,14.65667971,Szczecin,Rydla,50,Poland
1302079051,9761,1302076927,53.38216714,14.6562696,Szczecin,Rydla,50,Poland
1302079051,9762,1302076927,53.38216714,14.6562696,Szczecin,Rydla,50,Poland
1310700727,9763,1310433194,53.15764008,18.15489575,Bydgoszcz,Stanisława Skarżyńskiego,10,Poland
1310700727,9764,1310433194,53.15764008,18.15489575,Bydgoszcz,Stanisława Skarżyńskiego,10,Poland
1322270734,9765,1320965863,53.40400173,14.50359693,Szczecin,Południowa,9,Poland
1322270734,9766,1320965863,53.40400173,14.50359693,Szczecin,Południowa,9,Poland
1307763737,9767,1307091453,50.3177287,18.77641256,Zabrze,Gdańska,20,Poland
1307763737,9768,1307091453,50.3177287,18.77641256,Zabrze,Gdańska,20,Poland
1343148939,9769,1342822601,52.22928826,21.00030562,Warszawa,Chmielna 98,JPII / kebab,Poland
1343148939,9770,1342822601,52.22928826,21.00030562,Warszawa,Chmielna 98,JP II/ kebab,Poland
1349049707,9771,1348586439,50.29883695,18.68950199,Gliwice,Dąbrowskiego 18,BP,Poland
1349049707,9772,1348586439,50.29883695,18.68950199,Gliwice,Dąbrowskiego 18,BP,Poland
1343149256,9773,1342823018,52.22923599,21.00013417,Warszawa,Chmielna 98,JP II/ pralnia,Poland
1343149256,9774,1342823018,52.22923599,21.00013417,Warszawa,Chmielna 98,JP II/ pralnia,Poland
1343166914,9775,1342824886,52.22919106,20.99996113,Warszawa,Chmielna 98,JP II/ kawiarnia,Poland
1343166914,9776,1342824886,52.22919106,20.99996113,Warszawa,Chmielna 98,JP II/ kawiarnia,Poland
944924522,9777,1342714835,52.22914026,20.99976018,Warszawa,Chmielna 98,JP II/ szlaban,Poland
944924522,9778,1342714835,52.22914026,20.99976018,Warszawa,Chmielna 98,JP II/ szlaban,Poland
1374710423,9779,1373985474,52.24946676,20.987544,Warszawa,Al. Jana Pawła II,68,Poland
1374710423,9780,1373985474,52.24946676,20.987544,Warszawa,Al. Jana Pawła II,68,Poland
1907310605,9781,1907035436,50.66225587,17.92715707,Opole,Dworzec główny PKP,wejscie,Poland
1907310605,9782,1907035436,50.66225587,17.92715707,Opole,Dworzec główny PKP,wejscie,Poland
1395886113,9783,1395872995,52.25172696,21.00146386,Warszawa,Bonifraterska,03-Nov,Poland
1395886113,9784,1395872995,52.25172696,21.00146386,Warszawa,Bonifraterska,03-Nov,Poland
1907310719,9785,1907050833,50.66190477,17.92733007,Opole,Dworzec główny PKP,peron,Poland
1907310719,9786,1907050833,50.66190477,17.92733007,Opole,Dworzec główny PKP,peron,Poland
1943831820,9787,1943739843,50.28718614,18.79417956,Zabrze,3 maja 101,BP,Poland
1943831820,9788,1943739843,50.28718614,18.79417956,Zabrze,3 maja 101,BP,Poland
1963000391,9789,1971242016,54.38366388,18.60524039,Gdańsk,Jana Kilińskiego 4,Galeria Metropolia/Hotel Focus,Poland
1963000391,10604,1971242016,54.38366388,18.60524039,Gdańsk,Jana Kilińskiego 4,Galeria Metropolia/Hotel Focus,Poland
1363683947,9791,1361107822,50.28322199,18.66308963,Gliwice,Rybnicka 31,BP,Poland
1363683947,9792,1361107822,50.28322199,18.66308963,Gliwice,Rybnicka 31,BP,Poland
1971155276,10612,1971259185,54.3819633,18.60658972,Gdańsk,Jana Kilińskiego 4,Galeria Metropolia/ Gdańsk Wrzeszcz,Poland
1971155276,10611,1971259185,54.3819633,18.60658972,Gdańsk,Jana Kilińskiego 4,Galeria Metropolia/ Gdańsk Wrzeszcz,Poland
1971156224,10610,1971243593,54.3835731,18.60616368,Gdańsk,Jana Kilińskiego 4,Galeria Metropolia /wejście od ulicy nad stawem,Poland
1971156224,10609,1971243593,54.3835731,18.60616368,Gdańsk,Jana Kilińskiego 4,Galeria Metropolia /wejście od ulicy nad stawem,Poland
1971460233,10608,1971760134,54.38376425,18.60669796,Gdańsk,Jana Kilińskiego 9a,żabka/kwiaciarnia,Poland
1971460233,10607,1971760134,54.38376425,18.60669796,Gdańsk,Jana Kilińskiego 9a,żabka/kwiaciarnia,Poland
1971377230,10606,1971377557,54.36964398,18.50309936,Gdańsk,Budowlanych 61,stacja Orlen/ droga na lotnisko,Poland
1971377230,10605,1971377557,54.36964398,18.50309936,Gdańsk,Budowlanych 61,stacja Orlen/ droga na lotnisko,Poland
1363683126,9805,1361108816,50.10010821,18.56123672,Rybnik,Sybiraków,1,Poland
1363683126,9806,1361108816,50.10010821,18.56123672,Rybnik,Sybiraków,1,Poland
1363683179,9807,1361106979,50.29467147,18.95600685,Chorzów,Katowicka,BP,Poland
1363683179,9808,1361106979,50.29467147,18.95600685,Chorzów,Katowicka,BP,Poland
1213227574,9809,1213155545,52.27442068,20.93752858,Warszawa,Reymonta,12,Poland
1231619330,9810,1228159852,51.11642,17.0516,Wrocław,Wyszyńskiego,45,Poland
1231607754,9811,1228163441,51.11694559,17.03199506,Wrocław,Pomorska,9,Poland
1231608122,9812,1228163675,51.12796137,17.0548181,Wrocław,Jedności Narodowej,209,Poland
1231607925,9813,1228163687,51.12033,17.03893,Wrocław,Niemcewicza 8,Pobożnego,Poland
963988475,9814,1260174735,52.27144041,20.9347946,Warszawa,Reymonta,6,Poland
1262159991,9815,1261033810,51.13265,17.0659,Wrocław,Kromera,23 A/ apteka,Poland
1262160356,9816,1261150035,51.10725,17.02118,Wrocław,Tęczowa,2,Poland
1262160654,9817,1261149236,51.09007,16.99269,Wrocław,O. Beyzyma,1a,Poland
1262160814,9818,1261152070,51.09195,17.01567,Wrocław,Zaporoska,81,Poland
1302043101,9819,1301071179,50.25572655,19.027843,Katowice,Wojewódzka,L,Poland
1302043434,9820,1301070097,50.25572655,19.027843,Katowice,Wojewódzka,P,Poland
1302043568,9821,1301069219,50.25566945,19.02768312,Katowice,Francuska,Wojewódzka,Poland
1210033137,9825,1210020726,52.78375656,18.24090932,Inowrocław,Wojska Polskiego,16,Poland
1210035082,9826,1210020752,52.78318352,18.2422909,Inowrocław,Wojska Polskiego,16,Poland
1210035243,9827,1210020802,52.78319041,18.23853673,Inowrocław,Wojska Polskiego,16,Poland
1210082253,9828,1210021067,53.49095872,14.58404806,Szczecin,Dojazdowa,2,Poland
1210044672,9829,1210021122,52.34477016,21.23999868,Wołomin,Ogrodowa,4,Poland
1210082373,9830,1210021163,50.8481748,17.4267653,Skarbimierz,Dębowa,1a,Poland
1210082415,9831,1210021227,51.047556,16.8515246,Sadków,Leśna,2,Poland
1210082492,9832,1210021423,51.06803974,19.44236839,Radomsko,Reymonta,8,Poland
1214367746,9833,1210021981,52.1427617,16.7554801,Czempiń,Kościańskie Przedmieście,1c,Poland
619571610,9835,619571602,50.05222038,19.955163,Kraków,Podgórska 34,Kazimierz,Poland
619571610,9836,619571602,50.05222038,19.955163,Kraków,Podgórska 34,Kazimierz,Poland
619571613,9837,619571599,50.05252348,19.95574236,Kraków,Podgórska 34,Kazimierz,Poland
619571613,9838,619571599,50.05252348,19.95574236,Kraków,Podgórska 34,Kazimierz,Poland
619571616,9839,619571593,50.05301948,19.95621443,Kraków,Podgórska 34,Kazimierz,Poland
619571616,9840,619571593,50.05301948,19.95621443,Kraków,Podgórska 34,Kazimierz,Poland
619571619,9841,619571605,50.05311592,19.9557209,Kraków,Podgórska 34,Kazimierz,Poland
619571619,9842,619571605,50.05311592,19.9557209,Kraków,Podgórska 34,Kazimierz,Poland
595525731,9843,619571596,50.05363946,19.95529175,Kraków,Podgórska 34,Kazimierz,Poland
595525731,9844,619571596,50.05363946,19.95529175,Kraków,Podgórska 34,Kazimierz,Poland
254718032,9855,1240981675,52.27483072,20.93834063,Warszawa,Reymonta,12,Poland
1239812529,9872,1239800108,52.426658,16.966492,Poznań,Hlonda,3,Poland
1239813859,9873,1239801540,52.392551,16.995781,Poznań,Stefanii Wołynki,1,Poland
1239814988,9874,1239802280,52.399022,16.961446,Poznań,Polanka,22,Poland
1239815623,9875,1239803711,51.399877,16.179464,Lubin,Jana Pawła II,3,Poland
1239816019,9876,1239804757,51.400923,16.181074,Lubin,Jana Pawła II,3,Poland
1239816231,9877,1239807147,52.761517,15.27831,Gorzów Wielkopolski,Jedwabnicza,02-Apr,Poland
1251924018,9878,1239807902,49.85954726,19.32391749,Andrychów,Krakowska,146,Poland
1239817760,9879,1239808207,51.39171061,16.20904623,Lubin,Paderewskiego,101,Poland
445772503,9880,445767315,50.259021,19.017707,Katowice,3-go Maja 30,Katowicka,Poland
445772503,9881,445767315,50.259021,19.017707,Katowice,3-go Maja 30,Katowicka,Poland
1236429535,9882,1236429405,53.46804942,14.55788076,Szczecin,Królewskiego,31,Poland
1236429535,9883,1236429405,53.46804942,14.55788076,Szczecin,Królewskiego,31,Poland
1236429835,9884,1236429302,53.46092422,14.45435336,Szczecin,Cynamonowa,32,Poland
1236429835,9885,1236429302,53.46092422,14.45435336,Szczecin,Cynamonowa,32,Poland
1236430096,9886,1236429097,53.45070221,14.54273885,Szczecin,Chopina,15,Poland
734787389,9892,445767144,50.259021,19.017707,Katowice,3-go Maja 30,Katowicka,Poland
445772216,9893,445767297,50.259021,19.017707,Katowice,3-go Maja 30,Katowicka,Poland
445772216,9894,445767297,50.259021,19.017707,Katowice,3-go Maja 30,Katowicka,Poland
445772167,9895,445767289,50.259021,19.017707,Katowice,3-go Maja 30,Katowicka,Poland
445772167,9896,445767289,50.259021,19.017707,Katowice,3-go Maja 30,Katowicka,Poland
1254634285,9897,1254632986,50.259021,19.017707,Katowice,3-go Maja 30,Katowicka,Poland
1254634285,9898,1254632986,50.259021,19.017707,Katowice,3-go Maja 30,Katowicka,Poland
445772644,9899,445767332,50.259021,19.017707,Katowice,3-go Maja 30,Katowicka,Poland
445772644,9900,445767332,50.259021,19.017707,Katowice,3-go Maja 30,Katowicka,Poland
1310733424,9907,1310433872,53.12122603,18.05786573,Bydgoszcz,Fordońska,97,Poland
1235335602,9908,1249045045,53.68892864,19.9818761,Ostróda,Chrobrego,30,Poland
1295787100,10069,1295777040,53.40989529,14.51918189,Szczecin,Mieszka I,Retail Park wjazd na parking,Poland
1295787100,10071,1295777040,53.40989529,14.51918189,Szczecin,Mieszka I,Retail Park wjazd na parking,Poland
1295798285,10075,1295782403,53.40975783,14.5195248,Szczecin,Mieszka I,Retail park schody od Milczanskiej,Poland
1298268198,10074,1297128316,53.40978485,14.51870135,Szczecin,Mieszka I,Retail park Mieszka koło Rossmann,Poland
1305499853,10097,1303251385,53.4535754,14.56260926,Szczecin,Przyjaciół Żołnierza,4,Poland
1270394425,10100,911372290,52.21803976,21.01442996,Warszawa,Polna 11,X,Poland
1307760804,10105,1307755426,52.480541,16.867396,Suchy Las,Obornicka,140,Poland
1307761470,10106,1307755660,52.346165,20.955372,Warszawa,Przylesie,3,Poland
1307761617,10107,1307755855,52.345164,20.953723,Warszawa,Przylesie,3,Poland
1307762108,10108,1307756359,52.44179455,16.91823277,Poznań,Drużbickiego,2,Poland
1307762196,10109,1307757049,51.182381,17.197912,Długołęka,Wrocławska,4C,Poland
1307762619,10111,1307757650,51.182457,17.198143,Długołęka,Wrocławska,4C,Poland
1307762700,10112,1307757956,50.298547,18.848942,Ruda Śląska,Powstańców Śląskich,43,Poland
1307764645,10116,1307190734,53.43961687,14.47800113,Szczecin,Łukasińskiego,116,Poland
1307764938,10118,1307191279,53.43946213,14.47728295,Szczecin,Łukasińskiego,116,Poland
1189317767,10162,1194190320,52.28643209,21.08416508,Warszawa,Łodygowa,24A,Poland
1310754179,10163,1310434791,53.10770474,18.03688621,Bydgoszcz,al. Wojska Polskiego,12,Poland
1322264507,10201,1320983264,51.26450771,22.57348955,Lublin,Aleja Spółdzielczości Pracy,43,Poland
1372263184,10305,1353127289,53.13523267,23.11885397,Białystok,Hetmańska 16,Centrum Handlowe Auchan Hetmańska,Poland
1372263184,10306,1353127289,53.13523267,23.11885397,Białystok,Hetmańska 16,Centrum Handlowe Auchan Hetmańska,Poland
1372263198,10307,1376576892,53.13607691,23.11724251,Białystok,Hetmańska 16,Centrum Handlowe Auchan Hetmańska,Poland
1372263198,10308,1376576892,53.13607691,23.11724251,Białystok,Hetmańska 16,Centrum Handlowe Auchan Hetmańska,Poland
1372263175,10309,1376584191,53.13474978,23.11883686,Białystok,Hetmańska 16,Centrum Handlowe Auchan Hetmańska,Poland
1372263175,10310,1376584191,53.13474978,23.11883686,Białystok,Hetmańska 16,Centrum Handlowe Auchan Hetmańska,Poland
1372263242,10311,1376587736,53.16106674,23.09749764,Białystok,Produkcyjna 84,Centrum Handlowe Auchan Produkcyjna,Poland
1372263242,10312,1376587736,53.16106674,23.09749764,Białystok,Produkcyjna 84,Centrum Handlowe Auchan Produkcyjna,Poland
1372263379,10313,1376588768,53.16121193,23.09827958,Białystok,Produkcyjna 84,Centrum Handlowe Auchan Produkcyjna,Poland
1372263379,10314,1376588768,53.16121193,23.09827958,Białystok,Produkcyjna 84,Centrum Handlowe Auchan Produkcyjna,Poland
1372301361,10315,1397202520,49.83197793,18.98512917,Bielsko-Biała,Bohaterów Monte Cassino 421,Auchan Bielsko-Biała,Poland
1372301361,10316,1397202520,49.83197793,18.98512917,Bielsko-Biała,Bohaterów Monte Cassino 421,Auchan Bielsko-Biała,Poland
1387118678,10317,1397204890,49.83226396,18.98404634,Bielsko-Biała,Bohaterów Monte Cassino 421,Auchan Bielsko-Biała,Poland
1387118678,10318,1397204890,49.83226396,18.98404634,Bielsko-Biała,Bohaterów Monte Cassino 421,Auchan Bielsko-Biała,Poland
1372263401,10319,1377781821,53.13703497,18.11462529,Bydgoszcz,Rejewskiego 3,Centrum Handlowe Auchan Bydgoszcz,Poland
1372263401,10320,1377781821,53.13703497,18.11462529,Bydgoszcz,Rejewskiego 3,Centrum Handlowe Auchan Bydgoszcz,Poland
1372263433,10321,1377781477,53.13690235,18.11517007,Bydgoszcz,Rejewskiego 3,Centrum Handlowe Auchan Bydgoszcz,Poland
1372263433,10322,1377781477,53.13690235,18.11517007,Bydgoszcz,Rejewskiego 3,Centrum Handlowe Auchan Bydgoszcz,Poland
1387114614,10323,1397223323,50.72965392,19.1575987,Częstochowa,Krakowska 10,Centrum Handlowe Auchan Poczesna,Poland
1387114614,10324,1397223323,50.72965392,19.1575987,Częstochowa,Krakowska 10,Centrum Handlowe Auchan Poczesna,Poland
1387114789,10325,1397225578,50.73016987,19.15618133,Częstochowa,Krakowska 10,Centrum Handlowe Auchan Poczesna,Poland
1387114789,10326,1397225578,50.73016987,19.15618133,Częstochowa,Krakowska 10,Centrum Handlowe Auchan Poczesna,Poland
1372263454,10327,1379377831,54.35256907,18.52469684,Gdańsk,Szczęśliwa 3,Centrum Handlowe Auchan Gdańsk,Poland
1372263454,10328,1379377831,54.35256907,18.52469684,Gdańsk,Szczęśliwa 3,Centrum Handlowe Auchan Gdańsk,Poland
1372264906,10329,1379387918,54.35189469,18.52492827,Gdańsk,Szczęśliwa 3,Centrum Handlowe Auchan Gdańsk,Poland
1372264906,10330,1379387918,54.35189469,18.52492827,Gdańsk,Szczęśliwa 3,Centrum Handlowe Auchan Gdańsk,Poland
1372266610,10331,1379390372,54.35156447,18.52436965,Gdańsk,Szczęśliwa 3,Centrum Handlowe Auchan Gdańsk,Poland
1372266610,10332,1379390372,54.35156447,18.52436965,Gdańsk,Szczęśliwa 3,Centrum Handlowe Auchan Gdańsk,Poland
1372297404,10333,1386855136,50.25771328,18.65758637,Gliwice,Rybnicka 207,Centrum Handlowe Auchan Gliwice,Poland
1372297404,10334,1386855136,50.25771328,18.65758637,Gliwice,Rybnicka 207,Centrum Handlowe Auchan Gliwice,Poland
1372297608,10335,1386855217,50.25809853,18.65759733,Gliwice,Rybnicka 207,Centrum Handlowe Auchan Gliwice,Poland
1372297608,10336,1386855217,50.25809853,18.65759733,Gliwice,Rybnicka 207,Centrum Handlowe Auchan Gliwice,Poland
1372289532,10337,1383504360,50.27436632,18.96725262,Katowice,Bielska 107,Centrum Handlowe Auchan Katowice,Poland
1372289532,10338,1383504360,50.27436632,18.96725262,Katowice,Bielska 107,Centrum Handlowe Auchan Katowice,Poland
1372291264,10339,1383504971,50.27411331,18.96924718,Katowice,Bielska 107,Centrum Handlowe Auchan Katowice,Poland
1372291264,10340,1383504971,50.27411331,18.96924718,Katowice,Bielska 107,Centrum Handlowe Auchan Katowice,Poland
1372275414,10341,1380705466,53.38442637,14.50698338,Szczecin,Ustowska 45,Centrum Handlowe Auchan Kołbaskowo,Poland
1372275414,10342,1380705466,53.38442637,14.50698338,Szczecin,Ustowska 45,Centrum Handlowe Auchan Kołbaskowo,Poland
1372289454,10343,1380705786,53.38468337,14.50527445,Szczecin,Ustowska 45,Centrum Handlowe Auchan Kołbaskowo,Poland
1372289454,10344,1380705786,53.38468337,14.50527445,Szczecin,Ustowska 45,Centrum Handlowe Auchan Kołbaskowo,Poland
1421249096,10345,1421253930,52.35426085,16.83421205,Komorniki,Głogowska 432,Centrum Handlowe Auchan Komorniki,Poland
1421249096,10346,1421253930,52.35426085,16.83421205,Komorniki,Głogowska 432,Centrum Handlowe Auchan Komorniki,Poland
1421249055,10347,1421254008,52.35397739,16.83618276,Komorniki,Głogowska 432,Centrum Handlowe Auchan Komorniki,Poland
1421249055,10348,1421254008,52.35397739,16.83618276,Komorniki,Głogowska 432,Centrum Handlowe Auchan Komorniki,Poland
1387120990,10349,1399667045,50.09251574,19.89817349,Kraków,Stawowa 61,Galeria Bronowice [Auchan],Poland
1387120990,10350,1399667045,50.09251574,19.89817349,Kraków,Stawowa 61,Galeria Bronowice [Auchan],Poland
1387121207,10351,1399667584,50.09267206,19.89741891,Kraków,Stawowa 61,Galeria Bronowice [Auchan],Poland
1387121207,10352,1399667584,50.09267206,19.89741891,Kraków,Stawowa 61,Galeria Bronowice [Auchan],Poland
1387121401,10353,1399690576,50.09282334,19.8969866,Kraków,Stawowa 61,Galeria Bronowice [Auchan],Poland
1387121401,10354,1399690576,50.09282334,19.8969866,Kraków,Stawowa 61,Galeria Bronowice [Auchan],Poland
1387142823,10355,1399759905,50.09293428,19.89617701,Kraków,Stawowa 61,Galeria Bronowice [Auchan],Poland
1387142823,10356,1399759905,50.09293428,19.89617701,Kraków,Stawowa 61,Galeria Bronowice [Auchan],Poland
1387114812,10357,1399800883,50.09294437,19.89703376,Kraków,Stawowa 61,Galeria Bronowice [Auchan],Poland
1387114812,10358,1399800883,50.09294437,19.89703376,Kraków,Stawowa 61,Galeria Bronowice [Auchan],Poland
1387118512,10359,1399824589,50.0928889,19.89602767,Kraków,Stawowa 61,Galeria Bronowice [Auchan],Poland
1387118512,10360,1399824589,50.0928889,19.89602767,Kraków,Stawowa 61,Galeria Bronowice [Auchan],Poland
1387095937,10361,1399441833,50.03834673,22.06967051,Krasne,Krasne 20B,Centrum Handlowe Auchan Krasne,Poland
1387095937,10362,1399441833,50.03834673,22.06967051,Krasne,Krasne 20B,Centrum Handlowe Auchan Krasne,Poland
1387096311,10363,1399459868,50.03821465,22.06797403,Krasne,Krasne 20B,Centrum Handlowe Auchan Krasne,Poland
1387096311,10364,1399459868,50.03821465,22.06797403,Krasne,Krasne 20B,Centrum Handlowe Auchan Krasne,Poland
1421249753,10365,1426891196,52.32337876,20.90025636,Łomianki,Brukowa 25,Galeria Łomianki [Auchan],Poland
1421249753,10366,1426891196,52.32337876,20.90025636,Łomianki,Brukowa 25,Galeria Łomianki [Auchan],Poland
1387117265,10367,1426883565,52.32406589,20.90167775,Łomianki,Brukowa 25,Galeria Łomianki [Auchan],Poland
1387117265,10368,1426883565,52.32406589,20.90167775,Łomianki,Brukowa 25,Galeria Łomianki [Auchan],Poland
1421249409,10369,1426891306,52.32465079,20.90249374,Łomianki,Brukowa 25,Galeria Łomianki [Auchan],Poland
1421249409,10370,1426891306,52.32465079,20.90249374,Łomianki,Brukowa 25,Galeria Łomianki [Auchan],Poland
1421249015,10371,1426891409,52.32446193,20.90231225,Łomianki,Brukowa 25,Galeria Łomianki [Auchan],Poland
1421249015,10372,1426891409,52.32446193,20.90231225,Łomianki,Brukowa 25,Galeria Łomianki [Auchan],Poland
1421249672,10373,1426894854,52.32384737,20.90067401,Łomianki,Brukowa 25,Galeria Łomianki [Auchan],Poland
1421249672,10374,1426894854,52.32384737,20.90067401,Łomianki,Brukowa 25,Galeria Łomianki [Auchan],Poland
1421249448,10375,1426894932,52.32474605,20.90274723,Łomianki,Brukowa 25,Galeria Łomianki [Auchan],Poland
1421249448,10376,1426894932,52.32474605,20.90274723,Łomianki,Brukowa 25,Galeria Łomianki [Auchan],Poland
1372292609,10377,1386856771,50.17914516,18.88648022,Mikołów,Gliwicka 3,Centrum Handlowe Auchan Mikołów,Poland
1372292609,10378,1386856771,50.17914516,18.88648022,Mikołów,Gliwicka 3,Centrum Handlowe Auchan Mikołów,Poland
1372292716,10379,1386865457,50.17889143,18.8862291,Mikołów,Gliwicka 3,Centrum Handlowe Auchan Mikołów,Poland
1372292716,10380,1386865457,50.17889143,18.8862291,Mikołów,Gliwicka 3,Centrum Handlowe Auchan Mikołów,Poland
1372292869,10381,1386865911,50.1782446,18.88587195,Mikołów,Gliwicka 3,Centrum Handlowe Auchan Mikołów,Poland
1372292869,10382,1386865911,50.1782446,18.88587195,Mikołów,Gliwicka 3,Centrum Handlowe Auchan Mikołów,Poland
1421249879,10383,1423208983,52.0963029,21.02249751,Piaseczno,Puławska 46,Centrum Handlowe Auchan Piaseczno,Poland
1421249879,10384,1423208983,52.0963029,21.02249751,Piaseczno,Puławska 46,Centrum Handlowe Auchan Piaseczno,Poland
1421249623,10385,1423209441,52.09608093,21.02220981,Piaseczno,Puławska 46,Centrum Handlowe Auchan Piaseczno,Poland
1421249623,10386,1423209441,52.09608093,21.02220981,Piaseczno,Puławska 46,Centrum Handlowe Auchan Piaseczno,Poland
1421249783,10387,1423209783,52.09586308,21.02241722,Piaseczno,Puławska 46,Centrum Handlowe Auchan Piaseczno,Poland
1421249783,10388,1423209783,52.09586308,21.02241722,Piaseczno,Puławska 46,Centrum Handlowe Auchan Piaseczno,Poland
1421249827,10389,1423209933,52.09518075,21.022357,Piaseczno,Puławska 46,Centrum Handlowe Auchan Piaseczno,Poland
1421249827,10390,1423209933,52.09518075,21.022357,Piaseczno,Puławska 46,Centrum Handlowe Auchan Piaseczno,Poland
1387143105,10391,1426013345,52.53528893,19.75071545,Płock,Wyszogrodzka 140,Centrum Handlowe Auchan Płock,Poland
1387143105,10392,1426013345,52.53528893,19.75071545,Płock,Wyszogrodzka 140,Centrum Handlowe Auchan Płock,Poland
1387143725,10393,1426013672,52.53589464,19.74949683,Płock,Wyszogrodzka 140,Centrum Handlowe Auchan Płock,Poland
1387143725,10394,1426013672,52.53589464,19.74949683,Płock,Wyszogrodzka 140,Centrum Handlowe Auchan Płock,Poland
1387117030,10395,1391964582,51.18618941,16.16949749,Legnica,Roberta Schumana 11,Centrum Handlowe Auchan Legnica,Poland
1387117030,10396,1391964582,51.18618941,16.16949749,Legnica,Roberta Schumana 11,Centrum Handlowe Auchan Legnica,Poland
1387143814,10397,1391965874,51.18653296,16.17085365,Legnica,Roberta Schumana 11,Centrum Handlowe Auchan Legnica,Poland
1387143814,10398,1391965874,51.18653296,16.17085365,Legnica,Roberta Schumana 11,Centrum Handlowe Auchan Legnica,Poland
1372266646,10399,1379475591,54.58606101,18.37267689,Rumia,Grunwaldzka 108,Centrum Handlowe Auchan Port Rumia,Poland
1372266646,10400,1379475591,54.58606101,18.37267689,Rumia,Grunwaldzka 108,Centrum Handlowe Auchan Port Rumia,Poland
1372266672,10401,1379484265,54.58507649,18.37474115,Rumia,Grunwaldzka 108,Centrum Handlowe Auchan Port Rumia,Poland
1372266672,10402,1379484265,54.58507649,18.37474115,Rumia,Grunwaldzka 108,Centrum Handlowe Auchan Port Rumia,Poland
1372275316,10403,1379485188,54.5848816,18.37413811,Rumia,Grunwaldzka 108,Centrum Handlowe Auchan Port Rumia,Poland
1372275316,10404,1379485188,54.5848816,18.37413811,Rumia,Grunwaldzka 108,Centrum Handlowe Auchan Port Rumia,Poland
1372292147,10405,1391977126,50.30273145,19.16047072,Sosnowiec,Zuzanny 20,Centrum Handlowe Auchan Sosnowiec,Poland
1372292147,10406,1391977126,50.30273145,19.16047072,Sosnowiec,Zuzanny 20,Centrum Handlowe Auchan Sosnowiec,Poland
1372297721,10407,1391977469,50.30252413,19.16222885,Sosnowiec,Zuzanny 20,Centrum Handlowe Auchan Sosnowiec,Poland
1372297721,10408,1391977469,50.30252413,19.16222885,Sosnowiec,Zuzanny 20,Centrum Handlowe Auchan Sosnowiec,Poland
1421245816,10409,1421254240,52.43976631,16.76515751,Swadzim,Św. Antoniego 2,Centrum Handlowe Auchan Swadzim,Poland
1421245816,10410,1421254240,52.43976631,16.76515751,Swadzim,Św. Antoniego 2,Centrum Handlowe Auchan Swadzim,Poland
1421266508,10411,1421254553,52.44031717,16.76517634,Swadzim,Św. Antoniego 2,Centrum Handlowe Auchan Swadzim,Poland
1421266508,10412,1421254553,52.44031717,16.76517634,Swadzim,Św. Antoniego 2,Centrum Handlowe Auchan Swadzim,Poland
1387141904,10413,1421376938,52.29564148,21.00181508,Warszawa,Modlińska 8,Centrum Handlowe Auchan Modlińska,Poland
1387141904,10414,1421376938,52.29564148,21.00181508,Warszawa,Modlińska 8,Centrum Handlowe Auchan Modlińska,Poland
1387118363,10415,1421377485,52.29513543,21.00027392,Warszawa,Modlińska 8,Centrum Handlowe Auchan Modlińska,Poland
1387118363,10416,1421377485,52.29513543,21.00027392,Warszawa,Modlińska 8,Centrum Handlowe Auchan Modlińska,Poland
1372298134,10417,1391990298,51.05306551,16.97028296,Bielany Wrocławskie,Francuska 6,Centrum Handlowe Auchan Bielany,Poland
1372298134,10418,1391990298,51.05306551,16.97028296,Bielany Wrocławskie,Francuska 6,Centrum Handlowe Auchan Bielany,Poland
1372299884,10419,1391992270,51.05340441,16.97328857,Bielany Wrocławskie,Francuska 6,Centrum Handlowe Auchan Bielany,Poland
1372299884,10420,1391992270,51.05340441,16.97328857,Bielany Wrocławskie,Francuska 6,Centrum Handlowe Auchan Bielany,Poland
1428808079,10421,1391992511,51.05422915,16.97577115,Bielany Wrocławskie,Francuska 6,Centrum Handlowe Auchan Bielany,Poland
1428808079,10422,1391992511,51.05422915,16.97577115,Bielany Wrocławskie,Francuska 6,Centrum Handlowe Auchan Bielany,Poland
1387143399,10423,1392955732,50.82148858,16.28602756,Wałbrzych,Wieniawskiego 19,Centrum Handlowe Auchan Wałbrzych,Poland
1387143399,10424,1392955732,50.82148858,16.28602756,Wałbrzych,Wieniawskiego 19,Centrum Handlowe Auchan Wałbrzych,Poland
1387143605,10425,1392964971,50.82182663,16.28638313,Wałbrzych,Wieniawskiego 19,Centrum Handlowe Auchan Wałbrzych,Poland
1387143605,10426,1392964971,50.82182663,16.28638313,Wałbrzych,Wieniawskiego 19,Centrum Handlowe Auchan Wałbrzych,Poland
1372291737,10427,1384831203,50.03999021,18.70225713,Żory,Katowicka 10,Centrum Handlowe Auchan Żory,Poland
1372291737,10428,1384831203,50.03999021,18.70225713,Żory,Katowicka 10,Centrum Handlowe Auchan Żory,Poland
1372292061,10429,1384836951,50.03977503,18.70358832,Żory,Katowicka 10,Centrum Handlowe Auchan Żory,Poland
1372292061,10430,1384836951,50.03977503,18.70358832,Żory,Katowicka 10,Centrum Handlowe Auchan Żory,Poland
1354812360,10431,1354787598,54.324916,19.112437,Stegna,Elbląska,5b,Poland
1364003877,10432,1354791073,50.563373,19.30413,Myszków,Jesionowa,4A,Poland
1359222506,10433,1354788617,54.603155,18.350275,Reda,Gdańska,7,Poland
1354815241,10434,1354789121,54.754968,17.550398,Łeba,Aleja Świętego Mikołaja,13,Poland
1356020794,10435,1354793250,50.30491198,18.67146374,Gliwice,Toszecka,11,Poland
1354819823,10436,1354793558,50.30452826,18.6714474,Gliwice,Toszecka,11,Poland
1354820153,10437,1354795708,52.399568,16.895431,Poznań,Ułańska,1,Poland
1354820873,10438,1354799973,52.401065,16.895394,Poznań,Ułańska,5,Poland
1363684221,10439,1361110634,50.08810551,19.00618106,Tychy,Beskidzka,101,Poland
1363682996,10446,1361110829,50.15804337,18.84775268,Łaziska Górne,Klonowa,1,Poland
1367875205,10450,1367860727,51.12154351,17.03653839,Wrocław,Trzebnicka,9,Poland
1966215489,10451,1367860929,51.10061005,17.03318003,Wrocław,Piłsudskiego,80,Poland
1367875085,10452,1367861101,51.10361821,17.02374807,Wrocław,Piłsudskiego,pl Legionów lewy,Poland
1367875128,10453,1367861240,51.10356251,17.02375155,Wrocław,Piłsudskiego,pl Legionów prawy,Poland
1382542144,10458,1382541034,50.255765,19.090018,Katowice,Lwowska,32,Poland
1382541711,10459,1382540781,52.390901,20.922227,Legionowo,Jerzego Siwińskiego,2,Poland
1382541812,10460,1382540348,52.39125,20.921142,Legionowo,Jerzego Siwińskiego,2,Poland
1382544903,10461,1382544809,50.9138069,15.74742596,Jelenia Góra,Aleja Jana Pawła II,31a,Poland
1382545299,10462,1382545207,50.903668,15.728386,Jelenia Góra,Jana Sobieskiego,58,Poland
1396001029,10470,1395068234,51.10403644,17.11132685,Wrocław,Jackowskiego 57,pasaż,Poland
1395951193,10471,1395950951,50.08856945,19.90179571,Kraków,Conrada,33/Shell,Poland
1920512401,10475,1429852388,52.29970271,21.02494149,Warszawa,Annopol 2,Factory Annopol,Poland
1920512401,10476,1429852388,52.29970271,21.02494149,Warszawa,Annopol 2,Factory Annopol,Poland
1920510082,10477,1429852601,52.29960698,21.02424638,Warszawa,Annopol 2,Factory Annopol,Poland
1920510082,10478,1429852601,52.29960698,21.02424638,Warszawa,Annopol 2,Factory Annopol,Poland
1920510444,10479,1429852890,52.29993011,21.02539973,Warszawa,Annopol 2,Factory Annopol,Poland
1920510444,10480,1429852890,52.29993011,21.02539973,Warszawa,Annopol 2,Factory Annopol,Poland
1920512525,10481,1429853489,52.29973164,21.02564918,Warszawa,Annopol 2,Factory Annopol,Poland
1920512525,10482,1429853489,52.29970271,21.02494149,Warszawa,Annopol 2,Factory Annopol,Poland
1923522782,10483,1429867566,52.20215364,20.89457486,Warszawa,Plac Czerwca 1976 r. 6,Factory Ursus,Poland
1923522782,10484,1429867566,52.20215364,20.89457486,Warszawa,Plac Czerwca 1976 r. 6,Factory Ursus,Poland
1923530321,10485,1429868616,52.20281446,20.8939955,Warszawa,Plac Czerwca 1976 r. 6,Factory Ursus,Poland
1923530321,10486,1429868616,52.20281446,20.8939955,Warszawa,Plac Czerwca 1976 r. 6,Factory Ursus,Poland
1923530651,10487,1429868728,52.20163088,20.89503084,Warszawa,Plac Czerwca 1976 r. 6,Factory Ursus,Poland
1923530651,10488,1429868728,52.20163088,20.89503084,Warszawa,Plac Czerwca 1976 r. 6,Factory Ursus,Poland
1923530783,10489,1429869143,52.20065441,20.89506302,Warszawa,Plac Czerwca 1976 r. 6,Factory Ursus,Poland
1923530783,10490,1429869143,52.20065441,20.89506302,Warszawa,Plac Czerwca 1976 r. 6,Factory Ursus,Poland
1923619892,10491,1429869804,50.25828098,18.6575903,Gliwice,Rybnicka 205,Factory Gliwice,Poland
1923619892,10492,1429869804,50.25828098,18.6575903,Gliwice,Rybnicka 205,Factory Gliwice,Poland
1923634022,10493,1429869977,50.2578314,18.6577942,Gliwice,Rybnicka 205,Factory Gliwice,Poland
1923634022,10494,1429869977,50.2578314,18.6577942,Gliwice,Rybnicka 205,Factory Gliwice,Poland
1923627175,10495,1429870102,50.2581025,18.65673163,Gliwice,Rybnicka 205,Factory Gliwice,Poland
1923627175,10496,1429870102,50.2581025,18.65673163,Gliwice,Rybnicka 205,Factory Gliwice,Poland
1923548846,10498,1429870239,50.10941358,19.84471074,Modlniczka,Prof. A. Rożańskiego 32,Factory Kraków,Poland
1923548846,10499,1429870239,50.10941358,19.84471074,Modlniczka,Prof. A. Rożańskiego 32,Factory Kraków,Poland
1923550519,10500,1429870465,50.10960624,19.84552613,Modlniczka,Prof. A. Rożańskiego 32,Factory Kraków,Poland
1923550519,10501,1429870465,50.10960624,19.84552613,Modlniczka,Prof. A. Rożańskiego 32,Factory Kraków,Poland
1923553914,10502,1429870605,50.11009476,19.84659365,Modlniczka,Prof. A. Rożańskiego 32,Factory Kraków,Poland
1923553914,10503,1429870605,50.11009476,19.84659365,Modlniczka,Prof. A. Rożańskiego 32,Factory Kraków,Poland
1923566250,10504,1429871244,50.10972665,19.84691552,Modlniczka,Prof. A. Rożańskiego 32,Factory Kraków,Poland
1923566250,10505,1429871244,50.10972665,19.84691552,Modlniczka,Prof. A. Rożańskiego 32,Factory Kraków,Poland
1923559798,10506,1429871858,50.10923124,19.84628788,Modlniczka,Prof. A. Rożańskiego 32,Factory Kraków,Poland
1923559798,10507,1429871858,50.10923124,19.84628788,Modlniczka,Prof. A. Rożańskiego 32,Factory Kraków,Poland
1923504470,10511,1429872513,52.35323109,16.88769272,Luboń,Dębiecka 1,Factory Poznań,Poland
1923504470,10510,1429872513,52.35323109,16.88769272,Luboń,Dębiecka 1,Factory Poznań,Poland
1923503718,10512,1429872622,52.35369963,16.88806286,Luboń,Dębiecka 1,Factory Poznań,Poland
1923503718,10513,1429872622,52.35369963,16.88806286,Luboń,Dębiecka 1,Factory Poznań,Poland
1923503971,10514,1429874845,52.35345389,16.88830426,Luboń,Dębiecka 1,Factory Poznań,Poland
1923503971,10515,1429874845,52.35345389,16.88830426,Luboń,Dębiecka 1,Factory Poznań,Poland
1923504086,10516,1429875672,52.35274288,16.88814869,Luboń,Dębiecka 1,Factory Poznań,Poland
1923504086,10517,1429875672,52.35274288,16.88814869,Luboń,Dębiecka 1,Factory Poznań,Poland
1443654376,10518,1443590823,54.50511296,18.53223667,Gdynia,Kazimierza Górskiego 2,Riviera,Poland
1443654376,10519,1443590823,54.50511296,18.53223667,Gdynia,Kazimierza Górskiego 2,Riviera,Poland
1443654493,10520,1443595240,54.50481161,18.53180215,Gdynia,Kazimierza Górskiego 2,Riviera,Poland
1443654493,10521,1443595240,54.50481161,18.53180215,Gdynia,Kazimierza Górskiego 2,Riviera,Poland
1445917671,10522,1443595378,54.50529673,18.53255853,Gdynia,Kazimierza Górskiego 2,Riviera,Poland
1445917671,10523,1443595378,54.50529673,18.53255853,Gdynia,Kazimierza Górskiego 2,Riviera,Poland
1445916846,10524,1443576405,54.50317948,18.53224673,Gdynia,Kazimierza Górskiego 2,Riviera,Poland
1445916846,10525,1443576405,54.50317948,18.53224673,Gdynia,Kazimierza Górskiego 2,Riviera,Poland
1443654041,10526,1443531392,54.50393484,18.53129723,Gdynia,Kazimierza Górskiego 2,Riviera,Poland
1443654041,10527,1443531392,54.50393484,18.53129723,Gdynia,Kazimierza Górskiego 2,Riviera,Poland
1443653636,10528,1443530783,54.50537698,18.53214481,Gdynia,Kazimierza Górskiego 2,Riviera,Poland
1443653636,10529,1443530783,54.50537698,18.53214481,Gdynia,Kazimierza Górskiego 2,Riviera,Poland
1445916973,10530,1443531759,54.50636979,18.53212335,Gdynia,Kazimierza Górskiego 2,Riviera,Poland
1445916973,10531,1443531759,54.50636979,18.53212335,Gdynia,Kazimierza Górskiego 2,Riviera,Poland
1443653407,10532,1443535378,54.5065442,18.53301921,Gdynia,Kazimierza Górskiego 2,Riviera,Poland
1443653407,10533,1443535378,54.5065442,18.53301921,Gdynia,Kazimierza Górskiego 2,Riviera,Poland
1445916720,10534,1443554925,54.50600848,18.53282877,Gdynia,Kazimierza Górskiego 2,Riviera,Poland
1445916720,10535,1443554925,54.50600848,18.53282877,Gdynia,Kazimierza Górskiego 2,Riviera,Poland
1430019697,10536,1430019489,50.07429481,19.92861145,Kraków,Mazowiecka,24/ kiosk,Poland
1932811726,10549,1932818528,50.10956495,19.84563878,Modlniczka,Prof. A. Rożańskiego 32,Factory Kraków,Poland
1932811726,10550,1932818528,50.10956495,19.84563878,Modlniczka,Prof. A. Rożańskiego 32,Factory Kraków,Poland
1932810844,10551,1932818919,50.10950991,19.8467224,Modlniczka,Prof. A. Rożańskiego 32,Factory Kraków,Poland
1899173883,10555,1902945388,52.19178898,20.95143229,Warszawa,Łopuszańska,22,Poland
1899173883,10556,1902945388,52.19178898,20.95143229,Warszawa,Łopuszańska,22,Poland
1905474499,10562,1905474163,52.073959,21.028651,Piaseczno,Sierakowskiego,1a,Poland
1905473936,10563,1905473003,50.86434649,15.6899882,Jelenia Góra,Krośnieńska,1b,Poland
1940105226,10564,1905474716,52.082383,21.01127,Stara Iwiczna,Nowa,4,Poland
1905475552,10565,1905475484,51.4072289,21.11946321,Radom,Wandy Malczewskiej,3,Poland
1905468973,10566,1905467212,52.526923,17.599219,Gniezno,Witkowska,1,Poland
1945005018,10570,1944994775,52.22382184,21.24368589,Warszawa,al. Marsz. Józefa Piłsudskiego,2,Poland
1945005064,10571,1944994898,52.223387,21.244585,Warszawa,al. Marsz. Józefa Piłsudskiego,2,Poland
1915687985,10572,1915687414,52.38332166,16.94527413,Poznań,Ludwika Zamenhofa,133,Poland
1915688383,10573,1915687547,52.38270699,16.94441796,Poznań,Ludwika Zamenhofa,133,Poland
1915689256,10574,1915688914,52.24183685,21.13661776,Warszawa,Marsa,56,Poland
1915689316,10575,1915689022,52.24109275,21.13762998,Warszawa,Marsa,56,Poland
1915689593,10576,1915689471,53.781544,20.526057,Olsztyn,Towarowa,16,Poland
1941797983,10590,1942625830,52.22726415,21.01089478,Warszawa,Żurawia,47,Poland
1941797983,10591,1942625830,52.22726415,21.01089478,Warszawa,Żurawia,47,Poland
1942647024,10592,1942646548,50.06295073,20.00717117,Kraków,Galicyjska,1,Poland
1942647024,10593,1942646548,50.06295073,20.00717117,Kraków,Galicyjska,1,Poland
1942654765,10594,1945146908,49.98183702,19.83699074,Skawina,Krakowska,28A,Poland
1942654765,10595,1945146908,49.98183702,19.83699074,Skawina,Krakowska,28A,Poland
1975068122,10616,1975066948,50.29389812,19.24104323,Sosnowiec,Główna 17b,Biedronka,Poland
1975073047,10617,1975072748,50.27359942,19.11375297,Sosnowiec,Jana III Sobieskiego 64,Biedronka,Poland
1975063665,10618,1975063567,54.43216465,18.4803906,Gdańsk,Spacerowa 65,POLO Market Gdańsk,Poland
1975064987,10619,1975064100,52.728872,15.209924,Gorzów Wielkopolski,Olimpijska 7,Biedronka,Poland
1975065340,10620,1975065206,52.212722,20.954452,Warszawa,Al. Jerozolimskie 179,BlueCity DC Warszawa,Poland
1975144963,10621,1975144616,51.26335397,15.57464988,Bolesławiec,Chrobrego 25,Biedronka,Poland
1975813635,10622,1975153133,54.27141804,18.61504005,Rotmanka,Zaczarowana 1,Biedronka,Poland
1976625295,10623,1976625024,50.7834778,19.09900606,Częstochowa,Sabinowska 92,Biedronka,Poland
1976646136,10624,1976645964,52.212788,21.019624,Warszawa,Puławska 2,Pl. Uni Warszawa,Poland
2005151071,10628,2004159845,50.29938,18.7864,Zabrze,Sądowa,3-go Maja,Poland
0,10632,2014030549,50.9251636,16.10405439,Bolków,Henryka Sienkiewicza 16,Biedronka Bolków,Poland
2014038149,10633,2014033051,50.85228847,15.59400822,Piechowice,Cmentarna 1,Biedronka Piechowice,Poland
2014036169,10634,2014034641,50.79719655,16.25171049,Szczawno-Zdrój,Solicka 21,Biedronka - Szczawno zdrój,Poland
2008496548,17051,2024880960,50.09459204,18.54325129,Rybnik,Bolesława Chrobrego 1,Focus Park Rybnik,Poland
2015016161,17052,2024881451,50.0946295,18.54341158,Rybnik,Bolesława Chrobrego 1,Focus Park Rybnik,Poland
2015019610,17053,2024881940,50.09450905,18.54330966,Rybnik,Bolesława Chrobrego 1,Focus Park Rybnik,Poland
2015020476,17054,2024882215,50.09442301,18.54318091,Rybnik,Bolesława Chrobrego 1,Focus Park Rybnik,Poland
2015021337,17055,2024883072,50.09425783,18.54305753,Rybnik,Bolesława Chrobrego 1,Focus Park Rybnik,Poland
2015022170,17056,2024883921,50.09435763,18.54361006,Rybnik,Bolesława Chrobrego 1,Focus Park Rybnik,Poland
2015023205,17057,2024884187,50.09476027,18.54328283,Rybnik,Bolesława Chrobrego 1,Focus Park Rybnik,Poland
2022794333,17070,2022200127,51.440132,19.663455,Piotrków Trybunalski,Nowowiejska,28,Poland
0,17110,2045389348,52.37535875,16.89407711,Poznań,Czechosłowacka 102,,Poland
0,17111,2045389348,52.37535875,16.89407711,Poznań,Czechosłowacka 102,,Poland
2045615428,17112,2045389472,52.37637268,16.95817025,Poznań,Kurlandzka 2,,Poland
2045615428,17113,2045389472,52.37637268,16.95817025,Poznań,Kurlandzka 2,,Poland
2045615537,17114,2045389614,52.39658658,16.9490846,Poznań,Rondo Rataje,,Poland
2045615537,17115,2045389614,52.39658658,16.9490846,Poznań,Rondo Rataje,,Poland
2045615688,17116,2045389706,52.39650196,16.86779925,Poznań,Grunwaldzka 108,,Poland
2045615688,17117,2045389706,52.39650196,16.86779925,Poznań,Grunwaldzka 108,,Poland
0,17118,2045389828,52.41369602,16.83384042,Poznań,Bukowska 285,,Poland
0,17177,2034237403,51.11934,16.98914,Wrocław,Legnicka 58,Magnolia Park,Poland
0,17178,2038304354,51.09730945,17.03345898,Wrocław,Sucha 1,Wroclavia,Poland
2044785882,17224,2044724377,54.3395574,18.5541348,Gdańsk,Jana Pałubickiego 12,,Poland
2044785882,17225,2044724377,54.3395574,18.5541348,Gdańsk,Jana Pałubickiego 12,,Poland
2044785113,17226,2044721350,54.36734096,18.50310628,Gdańsk,Budowlanych 62,,Poland
2044785113,17227,2044721350,54.36734096,18.50310628,Gdańsk,Budowlanych 62,,Poland
2044779760,17228,2044713770,54.40117106,18.59169161,Gdańsk,Aleja Rzeczypospolitej 6,,Poland
2044779760,17229,2044713770,54.40117106,18.59169161,Gdańsk,Aleja Rzeczypospolitej 6,,Poland
2044787863,17230,2044727772,54.32686139,18.61023693,Gdańsk,Świętokrzyska 1,,Poland
2044787863,17231,2044727772,54.32686139,18.61023693,Gdańsk,Świętokrzyska 1,,Poland
2044784269,17232,2044716848,54.38481448,18.64136808,Gdańsk,Marynarki Polskiej 98A,,Poland
2044789067,17233,2044729260,54.31482276,18.6295602,Gdańsk,Trakt Świętego Wojciecha 223,,Poland
2044790270,17234,2044770218,51.09733924,17.02848621,Wrocław,Komandorska 39,,Poland
2044790270,17235,2044770218,51.09733924,17.02848621,Wrocław,Komandorska 39,,Poland
